place,id,title,author,snbn,format,genre
Tijuana-Luis Fimbres Moreno,37495,Las Veinticuatro tesis Tomistas,"Hugon, Eduardo",AC75 H84 1974,AC,obras generales
Tijuana-Luis Fimbres Moreno,37748,Leyes económicas y planificación socialista,"Kadishev, L.A.",AC75 K33 1969,AC,obras generales
Tijuana-Luis Fimbres Moreno,38142,Cómo asistir a una conferencia,"Sullivan, Dorothea F.",AS6 S8518 1975,AC,autoayuda
Tijuana-Luis Fimbres Moreno,37484,"Etica nicomaquea, política",Aristóteles,B 430. E8 G75 1972,AC,filosofia
Tijuana-Luis Fimbres Moreno,37343,Mi punto de vista,"Kierkegaard, Soren Aabye",B 4373 K54 1972,AC,filosofia
Tijuana-Luis Fimbres Moreno,37509,Estudios de la historia de la filosofía en México,NA,B1016 E88 1963,AC,filosofia
Tijuana-Luis Fimbres Moreno,37356,"El Positivismo en México; nacimiento, apogeo y decadencia","Zea, Leopoldo",B1018.P6 Z43 1968,AC,filosofia
Tijuana-Luis Fimbres Moreno,37472,Confucio y el humanismo chino,"Do-Dinh, Pierre",B128.C8 D6 1960,AC,filosofia
Tijuana-Luis Fimbres Moreno,37319,Principios del conocimiento humano,"Berkeley, George",B1333 B47 1974,AC,filosofia
Tijuana-Luis Fimbres Moreno,37390,Ensayo de una nueva teoría de la visión,"Berkeley, George",B1338.E8 B47 1965,AC,psicologia
Tijuana-Luis Fimbres Moreno,37320,Del conocimiento,"Hume, David",B1455.H818 C66 1973,AC,filasofia
Tijuana-Luis Fimbres Moreno,37321,Resumen del tratado de la naturaleza humana,"Hume, David",B1485 H86 1973,AC,antropologia
Tijuana-Luis Fimbres Moreno,37510,Diálogos sobre la religión natural,"Hume, David",B1493 H86 1973,AC,filosofia
Tijuana-Luis Fimbres Moreno,37466,El Utilitarismo,"Mill, John Stuart",B1603.U85 S78 1980,AC,filosofia
Tijuana-Luis Fimbres Moreno,37471,Ciencia y filosofía en la antiguedad,"Farrington, Benjamin",B1618 F37 1980,AC,filosofia
Tijuana-Luis Fimbres Moreno,37359,Misticismo y lógica y otros ensayos,"Russell, Bertrand",B1649.R87 M95 1975,AC,filosofia
Tijuana-Luis Fimbres Moreno,37505,Conocimiento y causa,"Russell, Bertrand",B1649.R93 R87 1967,AC,filosofia
Tijuana-Luis Fimbres Moreno,37500,La Filosofía del renacimiento,"Windelband, Wilhelm",B168 W56 1946,AC,filosofia
Tijuana-Luis Fimbres Moreno,37309,Meditaciones metafísicas,"Descartes, Rene",B1858.E8 D47 1973,AC,filosogia
Tijuana-Luis Fimbres Moreno,37487,Eneada cuarta,Plotino,B186 P729 1973,AC,filosofia
Tijuana-Luis Fimbres Moreno,37311,Reglas para la dirección de la mente,"Descartes, Rene",B1868.E8 D47 1974,AC,psicologia
Tijuana-Luis Fimbres Moreno,37328,Opusculos,"Pascal, Blaise",B1900.E8 P37 1956,AC,literatura
Tijuana-Luis Fimbres Moreno,37476,Fragmentos,Anaxagoras,B205.A4 E53 1962,AC,filosofia
Tijuana-Luis Fimbres Moreno,37355,Auguste Comte y el positivismo,"Mill, John Stuart",B2248 M55 1972,AC,filosofia
Tijuana-Luis Fimbres Moreno,37739,Estructuralismo y Marxismo,"Lefébvre, Henri",B2424.S75 E7818 1970,AC,ciencias politicas
Tijuana-Luis Fimbres Moreno,37344,Bergson,"Roy, Edouard Le.",B2430 R69 1928,AC,filosofia
Tijuana-Luis Fimbres Moreno,37498,La Filosofía en sus texto III; de charles sanders pierce a francisco romero,"Marías, Julián",B25 M37 1963,AC,filosofia
Tijuana-Luis Fimbres Moreno,37508,Filósofos alemanes; de Eckhart a Heidegger,"Friedrich Sauer, Ernst",B2523 S75 1973,AC,filosofia
Tijuana-Luis Fimbres Moreno,37312,Monadologia,"Leibniz, Gottfried Wilhelm",B2580.E8 L45 1980,AC,psicologia
Tijuana-Luis Fimbres Moreno,37357,La Profesión de fe del filósofo,"Leibniz, Gottfried Wilhelm",B2584.E8 L45 1973,AC,filosofia
Tijuana-Luis Fimbres Moreno,37315,Reflexiones filosóficas acerca de la poesía,"Baumgarten, Alexander G.",B2637 B38 1975,AC,filosofia
Tijuana-Luis Fimbres Moreno,37338,"Kant, vida y doctrina","Cassirer, Ernst,",B2797 C37 1968,AC,filosofia
Tijuana-Luis Fimbres Moreno,37318,La Relación de las artes figurativas con la naturaleza,"Schelling, Friedrich",B2870 S24 1972,AC,filosofia
Tijuana-Luis Fimbres Moreno,37305,Introducción a la historia de la filosofía,"Hegel, Georg",B2936.A4 H44 1980,AC,filosofia
Tijuana-Luis Fimbres Moreno,37479,Fragmentos y testimonios,Protagoras,B305.P82 E76 1973,AC,filosofia
Tijuana-Luis Fimbres Moreno,37307,Fragmentos sobre la historia de la filosofía,"Schopenhauer, Arturo",B3118.E8 S36 1977,AC,filosofia
Tijuana-Luis Fimbres Moreno,37341,El Ser y el tiempo,"Heidegger, Martin",B3279 H45 1971,AC,filosofia
Tijuana-Luis Fimbres Moreno,37483,Critón,Platón,B368.A8 C75 1972,AC,filosofia
Tijuana-Luis Fimbres Moreno,37482,Fedon,Platón,B379.A8 E32 1973,AC,filosofia
Tijuana-Luis Fimbres Moreno,37463,Ética,"Spinoza, Benedictus de",B3973.E8 R6 1975,AC,filosofia
Tijuana-Luis Fimbres Moreno,37642,Lenin; la vida de un militante,"Garaudy, Roger",B4249.L384 G37 1970,AC,filosofia
Tijuana-Luis Fimbres Moreno,37485,Argumentos sofísticos,Aristóteles,B443.A8 A73 1973,AC,filosofia
Tijuana-Luis Fimbres Moreno,37337,De las ideas,"Balmes, Jaime Luciano",B4568 B35 1980,AC,filosofia
Tijuana-Luis Fimbres Moreno,37671,El imperialismo,"Lichtheim, George",B4815.L84 L5318 1972,AC,filosofia
Tijuana-Luis Fimbres Moreno,37489,Epicteto,NA,B561 E6518 1975,AC,filosofia
Tijuana-Luis Fimbres Moreno,37301,Vidas de filósofos y sofistas,Eunapio,B577 E96 1975,AC,filosofia
Tijuana-Luis Fimbres Moreno,37491,Tratados filosóficos; cartas,Séneca,B615.E8 S46 1975,AC,filosofia
Tijuana-Luis Fimbres Moreno,37300,La Consolación de la filosofía,"Boecio, Anicio Manlio",B659.E2 B64 1977,AC,filosofia
Tijuana-Luis Fimbres Moreno,37490,Todo hombre bueno es libre,Filon,B689.T6 F55 1973,AC,filosofia
Tijuana-Luis Fimbres Moreno,37486,Eneada tercera,Plotino,B693.A42 P56 1973,AC,filosofia
Tijuana-Luis Fimbres Moreno,37516,Elementos de teología,Proclo de Bizancio,B701.A4 P76 1975,AC,religion
Tijuana-Luis Fimbres Moreno,37502,Historia crítica de la filosofía occidental III,"O´Connor, D.J.",B72 O36 1968,AC,filosofia
Tijuana-Luis Fimbres Moreno,37503,Historia crítica de la filosofía occidental IV,"O´Connor, D.J.",B72 O36 1968,AC,filosofia
Tijuana-Luis Fimbres Moreno,37494,Filosofía medieval,"Grabmann, Martin",B721 G73 1928,AC,filosofia
Tijuana-Luis Fimbres Moreno,37514,El libro del consuelo divino,Eckehart de Hochleim,B765 E33 1977,AC,filosofia
Tijuana-Luis Fimbres Moreno,37322,La docta ignorancia,"Cusa, Nicolas de",B765.N53 C87 1973,AC,filosofia
Tijuana-Luis Fimbres Moreno,37493,El Pensamiento de Santo Tómas,"Copleston, F.C.",B765.TC4 C67 1960,AC,filosofia
Tijuana-Luis Fimbres Moreno,37308,Sobre el infinito universo y los mundos,"Bruno, Giordano",B783.E76 G5618 1972,AC,filosofia
Tijuana-Luis Fimbres Moreno,37488,Que nada se sabe,"Sánchez, Francisco",B785 S26 1977,AC,filosofia
Tijuana-Luis Fimbres Moreno,37313,De las propiedades del ente en general y de sus principios,"Suárez, Francisco",B785 S83 1977,AC,filosofia
Tijuana-Luis Fimbres Moreno,37464,Introducción a la sabiduria,"Vives, Juan Luis.",B785.V58 I55 1972,AC,filosofia
Tijuana-Luis Fimbres Moreno,37499,Breve esquema de los sistemas de filosofía moderna y de mi propio sistema,"Rosmini Serbati, Antonio",B794 R67 1974,AC,filosofia
Tijuana-Luis Fimbres Moreno,37497,La Filosofía actual,"Bochenski, J. M.",B804 B6318 1951,AC,filosofia
Tijuana-Luis Fimbres Moreno,37455,El Método dialéctico,"Gortari, Elí de,",B809.7 G67 1970,AC,filosofia
Tijuana-Luis Fimbres Moreno,37299,Fundamentos de filosofía,"Afanasiev, V.",B809.8 A43 1974,AC,filosofia
Tijuana-Luis Fimbres Moreno,37459,Las Contradicciones,"Mao, Tse-Tung",B809.8 M36 1969,AC,filosofia
Tijuana-Luis Fimbres Moreno,37743,Materialismo militante,"Plejánov, Jorge",B809.8 P5418 1967,AC,filosofia
Tijuana-Luis Fimbres Moreno,37339,Introducción al existencialismo,"Abbagnano, Nicola,",B819 A34 1975,AC,filosofia
Tijuana-Luis Fimbres Moreno,37306,Historia de la filosofía tomo II,"Hirschberger, Johannes",B82 H57 1967,AC,filosofia
Tijuana-Luis Fimbres Moreno,37501,La Filosofía del iluminismo,"Windelband, Wilhelm",B82 W5518 1948,AC,filosofia
Tijuana-Luis Fimbres Moreno,37630,Teoría y práctica de la ideología,"Silva, Ludovico",B823.3 S55 1978,AC,filosofia
Tijuana-Luis Fimbres Moreno,37737,El Papel del individuo en la historia,"Plejánov, Jorge",B824 P44 1969,AC,filosofia
Tijuana-Luis Fimbres Moreno,37345,Pragmatismo,"James, William",B832 J36 1973,AC,filosofia
Tijuana-Luis Fimbres Moreno,37314,El Significado de la verdad,"James, William",B832 J46 1974,AC,filosofia
Tijuana-Luis Fimbres Moreno,37304,Historia de la filosofía III,"Abbagnano, Nicola,",B87 A23 1956,AC,filosofia
Tijuana-Luis Fimbres Moreno,37736,Marcuse ante sus criticos,"Marcuse, Herbert",B945 M37 1970,AC,filosofia
Tijuana-Luis Fimbres Moreno,37456,Lógica general,"Gortari, Elí de,",BC117.E8 G67 1972,AC,filosofia
Tijuana-Luis Fimbres Moreno,37458,Lógica,"Montes de Oca, Francisco",BC117.E8 M661960,AC,filosofia
Tijuana-Luis Fimbres Moreno,37457,Apuntes de lógica,"Maldonado Maldonado, Lucio",BC50 M35 1976,AC,filosofia
Tijuana-Luis Fimbres Moreno,37460,Hipótesis y verdad,"Kopnin, P.V.",BD166 K67 1969,AC,filosofia
Tijuana-Luis Fimbres Moreno,37333,Significación del hombre,"Renéville, J. Rolland de",BD40 R46 1977,AC,filosofia
Tijuana-Luis Fimbres Moreno,37332,¿Que es el hombre?,"Buber, Martin",BD450 B8318 1949,AC,filosofia
Tijuana-Luis Fimbres Moreno,37331,Antropología filosófica,"Landmann, Michael",BD450 L36 1978,AC,filosofia
Tijuana-Luis Fimbres Moreno,37352,Problemas filosóficos de la física contemporánea,"Meliujin, S.",BD620 M45 1969,AC,filosofia
Tijuana-Luis Fimbres Moreno,37382,Tótem y tabú,"Freud, Sigmund",BF 173 F74 1952,AC,psicologia
Tijuana-Luis Fimbres Moreno,37362,Cien años de psicología,"Rezk, Mario",BF109.A1 R49 1979,AC,ciencias sociales
Tijuana-Luis Fimbres Moreno,37360,Texto de psicología humana,"Eysenck, H.J.",BF121 E97 1980,AC,filosofia
Tijuana-Luis Fimbres Moreno,37374,Principios de análisis conductual,"Millenson, J.R.",BF121 M55 1979,AC,filosofia
Tijuana-Luis Fimbres Moreno,37377,Teorías psicoanalíticas de la personalidad,"Blum, Gerald S.",BF173 B58 1975,AC,filosofia
Tijuana-Luis Fimbres Moreno,37378,Aspectos sociales del psicoanálisis,"Caruso, Igor A.,",BF173 C37 1979,AC,filosofia
Tijuana-Luis Fimbres Moreno,38116,Historia del psicoanálisis IV,"Grotjahn, M.",BF173 H57 1968,AC,psicologia
Tijuana-Luis Fimbres Moreno,38117,Historia del psicoanálisis V,"Spanjaard, J.",BF173 H57 1968,AC,psicologia
Tijuana-Luis Fimbres Moreno,38118,Historia del psicoanálisis VI,"Ekstein, R.",BF173 H57 1968,AC,psicologia
Tijuana-Luis Fimbres Moreno,38119,Historia del psicoanálisis VII,"Wahl, Charles William",BF173 H57 1968,AC,psicologia
Tijuana-Luis Fimbres Moreno,37409,El Autoanálisis,"Horney, Karen",BF173 H76252 1974,AC,psicologia
Tijuana-Luis Fimbres Moreno,37432,Psicoterapia del oprimido,"Moffatt, Alfredo",BF173 M64 1975,AC,filosofia
Tijuana-Luis Fimbres Moreno,37353,Materialismo dialéctico y psicoanálisis,"Reich, Wilhelm,",BF173 R45 1982,AC,filosofia
Tijuana-Luis Fimbres Moreno,37383,Psicoanálisis y psicología contemporánea; la influencia Freudiana,"Shakow, David",BF173 S43 1976,AC,psicologia
Tijuana-Luis Fimbres Moreno,38120,El Psicoanálisis,"Thompson, Clara",BF173 T4618 1979,AC,psicologia
Tijuana-Luis Fimbres Moreno,37379,Psicoanalizar,"Leclaire, Serge",BF175 L43 1980,AC,psicologia
Tijuana-Luis Fimbres Moreno,37387,Psicología experimental; enfoque metodológico,"McGuigan, Frank J.",BF195 M34 1983,AC,psicologia
Tijuana-Luis Fimbres Moreno,37370,Modificación de conducta ; El condicionamiento de los sistemas internos de respuesta,"Alcaraz, Víctor Manuel",BF199 A53 1979,AC,filosofia
Tijuana-Luis Fimbres Moreno,37389,Percepción; proceso básico en el desarrollo cognoscitivo,"Forgus, Ronald R.",BF311 F68 1972,AC,psicologia
Tijuana-Luis Fimbres Moreno,37391,Teorías del aprendizaje,"Hilgard, Ernest R.",BF318 H5518 1973,AC,psicologia
Tijuana-Luis Fimbres Moreno,926796,The social brain :,NA,BF323.S63 S63 2020,AC,psicologia
Tijuana-Luis Fimbres Moreno,37572,Psicología ambiental,"Heimstra, Norman W.",BF353 H4518 1979,AC,psicologia
Tijuana-Luis Fimbres Moreno,37411,Aspectos biológicos de la memoria y el aprendizaje,"Ardila, Alfredo",BF371 A73 1979,AC,psicologia
Tijuana-Luis Fimbres Moreno,37398,Memoria humana,"Gregg, Vernon",BF371 G74 1978,AC,psicologia
Tijuana-Luis Fimbres Moreno,37401,Introducción a la memoria humana,"Howe, Michael J.A.",BF371 H7318 1979,AC,psicologia
Tijuana-Luis Fimbres Moreno,37363,Psicología; ideología y ciencia,"Braunstein, Néstor A.",BF38 B73 1975,AC,filosofia
Tijuana-Luis Fimbres Moreno,37416,Teoría de los tests,"Magnusson, David",BF39 M34 1969,AC,filosofia
Tijuana-Luis Fimbres Moreno,37417,Psicometría aplicada,"Morales, María Luisa",BF39 M67 1979,AC,filosofia
Tijuana-Luis Fimbres Moreno,37418,Los Tests mentales,"Pichot, Pierre",BF431 P5318 1996,AC,filosofia
Tijuana-Luis Fimbres Moreno,37419,Análisis de los ítemes en la construcción de instrumentos psicométricos,"Tavella, Nicolás M.",BF431 T38 1978,AC,filosofia
Tijuana-Luis Fimbres Moreno,37405,Psicología del pensamiento,"Bourne, Lyle E.",BF455 B6818 1985,AC,psicologia
Tijuana-Luis Fimbres Moreno,37406,Procesos del pensamiento,"Cohen, Josef",BF455 C6418 1973,AC,psicologia
Tijuana-Luis Fimbres Moreno,37916,Pensamiento y lenguaje,"Greene, Judith",BF455 G7418 1979,AC,psicologia
Tijuana-Luis Fimbres Moreno,37371,La función de síntesis del lenguaje,"Alcaraz, Víctor Manuel",BF463.S5 A43 1980,AC,filosofia
Tijuana-Luis Fimbres Moreno,37394,Psicología de la motivación,"Cofer, C.N.",BF503 C6418 1971,AC,psicologia
Tijuana-Luis Fimbres Moreno,37397,La Dialéctica en psicología,"Merani, Alberto L.",BF57 M47 1968,AC,psicologia
Tijuana-Luis Fimbres Moreno,37414,No diga Sí cuando quiera decir No,"Fensterheim, Herbert",BF575.A3 F46 1979,AC,psicologia
Tijuana-Luis Fimbres Moreno,37375,La explicación en las ciencias de la conducta,NA,BF637 C46 1974,AC,filosofia
Tijuana-Luis Fimbres Moreno,37393,Teoría de la motivación; investigación experimental y evaluación,"Bolles, Robert C.",BF683 B64518 1976,AC,psicologia
Tijuana-Luis Fimbres Moreno,37447,¿Tener o ser?,"Fromm, Erich,",BF698 F7618 1978,AC,filosogia
Tijuana-Luis Fimbres Moreno,37340,La Teoría existencialista de la personalidad,"Hall, Calvin S.",BF698 H3518 1974,AC,filosofia
Tijuana-Luis Fimbres Moreno,37412,La Teoría biosocial de la personalidad Murphy,"Hall, Calvin S.",BF698 H3518 1974,AC,psicologia
Tijuana-Luis Fimbres Moreno,37413,La teoría factorial de la personalidad Cattell,"Hall, Calvin S.",BF698 H3518 1974,AC,psicologia
Tijuana-Luis Fimbres Moreno,37430,Crecimiento y cambio,"Mcgurk, Harry",BF713 M3418 1978,AC,filosofia
Tijuana-Luis Fimbres Moreno,37407,Concepción del espacio en el niño según Piaget,"Holloway, G.E.T.",BF723.D7 H6418 1969,AC,psicologia
Tijuana-Luis Fimbres Moreno,37428,Psicología del desarrollo; edad adolescente,"Mckinney, John Paul",BF724 M35 1982,AC,filosofia
Tijuana-Luis Fimbres Moreno,37420,El Rorschach de 10 a 16 años,"Ames, L. B.",BF724.155 A4418 1977,AC,psicologia
Tijuana-Luis Fimbres Moreno,37431,El Mexicano psicología de sus motivaciones,"Ramírez, Santiago",BF755.M4 R36 1961,AC,filosofia
Tijuana-Luis Fimbres Moreno,924758,Reporting qualititative research in psychology,"Levitt, Heidi M.",BF76.5 L48 2020,AC,investigacion psicologica
Tijuana-Luis Fimbres Moreno,925716,Influencer,"Grenny, Joseph",BF774 I5418 2020,AC,psicologia
Tijuana-Luis Fimbres Moreno,38188,Introducción a la estética,"Carritt, E. F.",BH201 C37 1970,AC,psicologia
Tijuana-Luis Fimbres Moreno,37461,Ética,"Fagothey, Austin",BJ1025 F34 1973,AC,filosofia
Tijuana-Luis Fimbres Moreno,37385,El corazón del hombre; su potencia para el bien y para el mal,"Fromm, Erich,",BJ45 F76 1977,AC,psicologia
Tijuana-Luis Fimbres Moreno,37380,Budimo Zen y Psicoanálisis,"Suzuki, David,",BL1432. Z4 S89 1975,AC,psicologia
Tijuana-Luis Fimbres Moreno,37517,Por qué no soy cristiano,"Russell, Bertrand",BL2780 R8718 1972,AC,religion
Tijuana-Luis Fimbres Moreno,37511,La Religión del hombre,"Tagore, Rabindranath",BL48 T34 1977,AC,filosofia
Tijuana-Luis Fimbres Moreno,37518,La Lógica de la religión,"Bochenski, J. M.",BL65. L2 B63 1967,AC,religion
Tijuana-Luis Fimbres Moreno,37507,Lo que verdaderamente dijo Lutero,"Fitzer, Gottfried",BR334.2 F58 1972,AC,filosofia
Tijuana-Luis Fimbres Moreno,38260,Confesiones de San Agustín,"Agustín, San",BR65.A6 S36 1969,AC,filosofia
Tijuana-Luis Fimbres Moreno,37515,Lo que verdaderamente dijo San Pablo,"Wand, J.W.C.",BS2651 W3618 1971,AC,religion
Tijuana-Luis Fimbres Moreno,38267,Vida de Jesús,"Renán, Ernesto",BT301 R46 1968,AC,filosofia
Tijuana-Luis Fimbres Moreno,37496,De los principios de la naturaleza,Santo Tomas de Aquino,BT65.T5 E78 1977,AC,filosofia
Tijuana-Luis Fimbres Moreno,37521,La Nueva iglesia montiniana,"Sáenz y Arriaga, Joaquín",BX1390.5 S2418 1972,AC,religion
Tijuana-Luis Fimbres Moreno,37520,Del único modo de atraer a todos los pueblos a la verdadera religión,"Casas, Fray Bartolome de las",BX1750 C37 1975,AC,religion
Tijuana-Luis Fimbres Moreno,37358,Tratado sobre los principios de la teología,"Occam, Guillermo de",BX1750 O33 1972,AC,filosofia
Tijuana-Luis Fimbres Moreno,38269,Libro de las fundaciones,"Teresa de Jesús, Santa",BX4323.E3 T47 1970,AC,filosofia
Tijuana-Luis Fimbres Moreno,37519,Concilio vaticano II,NA,BX830.1962 C66 1967,AC,religion
Tijuana-Luis Fimbres Moreno,37323,"De Dios escondido, de la busqueda de Dios","Cusa, Nicolas de",BX890.N53 C87 1973,AC,religion
Tijuana-Luis Fimbres Moreno,38396,Lo Hispánico ; un nuevo concepto de hispanidad,"Sánchez Pérez, J.M.",CB226 S26 1970,AC,ciencias auxiliares
Tijuana-Luis Fimbres Moreno,37929,Los orígenes de la civilización,"Childe, Gordon V.",CB311 C4518 1954,AC,historia
Tijuana-Luis Fimbres Moreno,37676,México en la órbita imperial,"Ceceña, José Luis",CH135 C43 1976,AC,historia
library,register,title,author,clasificación,ColectionID,genre
Tijuana-Luis Fimbres Moreno,37716,Radiografía de un gobierno; exitos y fracasos del sexenio 1976-1982,"Pazos, Luis",CV135 P39 1982,AC,historia
Tijuana-Luis Fimbres Moreno,38270,Las ruinas de palmira,"Volney, Conde de",D16.7 V65 1969,AC,historia
Tijuana-Luis Fimbres Moreno,37742,Los conceptos elementales del materialismo histórico,"Harnecker, Marta",D16.9 H3718 1977,AC,historia
Tijuana-Luis Fimbres Moreno,37522,El Protestantismo y el mundo moderno,"Troeltsch, E.",D210 T76 1951,AC,religion
Tijuana-Luis Fimbres Moreno,37652,Un mundo restaurado; la política del conservadurismo en unaépoca revolucionaria,"Kissinger, Henry A.",D383 K57 1973,AC,historia
Tijuana-Luis Fimbres Moreno,38304,La Fortuna por la espada,"Rofheart, Martha",DA256 R64 1974,AC,historia
Tijuana-Luis Fimbres Moreno,38356,Los Italianos,"Barzini, Luigi",DG455 B27 1974,AC,historia
Tijuana-Luis Fimbres Moreno,37628,Maquiavelo,"Gautier-Vignal, Louis",DG738.14 G3818 1971,AC,historia
Tijuana-Luis Fimbres Moreno,37747,Recuerdos sobre Lenin,"Zetkin, Clara",DK254.L42 Z4818 1968,AC,historia
Tijuana-Luis Fimbres Moreno,37568,Reforma o revolución,"Luxemburgo, Rosa",DK265 L89 1967,AC,historia
Tijuana-Luis Fimbres Moreno,38238,Un invierno en mallorca,"Sand, George",DP302.B27 S26 1969,AC,literatura
Tijuana-Luis Fimbres Moreno,37473,Lo que verdaderamente dijo Mao,"Devillers, Philippe",DS778.M3 D48 1973,AC,historia
Tijuana-Luis Fimbres Moreno,37569,Los condenados de la tierra,"Fanon, Frantz",DT295 F39 1965,AC,historia
Tijuana-Luis Fimbres Moreno,38266,América bajo la lupa,"Noel, Eugenio",E14 N64 1970,AC,historia
Tijuana-Luis Fimbres Moreno,37680,Trece días (las crisis de cuba),"Kennedy, Robert F.",E183.8.R9 K46 1978,AC,historia
Tijuana-Luis Fimbres Moreno,37594,Aztlán,"Maciel, David",E184 M39 1976,AC,historia
Tijuana-Luis Fimbres Moreno,37592,Occupied America; the chicano``s struggle toward liberation,"Acuña, Rodolfo",E184.M4 A33 1972,AC,historia
Tijuana-Luis Fimbres Moreno,37649,Racismo y lucha de clases,"Boggs, James",E185.615 B64 1971,AC,historia
Tijuana-Luis Fimbres Moreno,38042,Etnología de América,"Krickeberg, Walter",E58 K75 1974,AC,historia
Tijuana-Luis Fimbres Moreno,37678,Política exterior americana,"Kissinger, Henry A.",E840 K57 1971,AC,historia
Tijuana-Luis Fimbres Moreno,37562,El laberinto de la soledad,"Paz, Octavio,",F1210 P39 1959,AC,literatura clasica
Tijuana-Luis Fimbres Moreno,37623,Los Gobernadores,Proceso,F1210 P76 1980,AC,historia
Tijuana-Luis Fimbres Moreno,38397,La Vida en México ; durante una residencia de dos años en ese país,"Calderón de la Barca, Madame.",F1213 C25 1974,AC,historia local
Tijuana-Luis Fimbres Moreno,37914,Muerte a filo de obsidiana ; los nahuas frente a la muerte,"Matos Moctezuma, Eduardo",F1219.3 M38 1975,AC,historia
Tijuana-Luis Fimbres Moreno,38189,Arte antiguo de México,"Westheim, Paul",F1219.3.A7 W47 1970,AC,historia
Tijuana-Luis Fimbres Moreno,37524,Supervivencias de un mundo magico,"Séjourné, Laurette",F1219.3.M54 S45 1953,AC,literatura
Tijuana-Luis Fimbres Moreno,37512,Pensamiento y religión en el México Antiguo,"Séjourné, Laurette",F1219.3.R38 S45 1975,AC,historia
Tijuana-Luis Fimbres Moreno,37591,Los Indios en las clases sociales de México,"Pozas, Ricardo",F1220 P69 1978,AC,historia
Tijuana-Luis Fimbres Moreno,37915,"Envidia, brujería y organización ceremonial; un pueblo zoque","Thomas, Norman D.",F1221.76 T46 1974,AC,historia
Tijuana-Luis Fimbres Moreno,37590,Tierra incógnita,"Benítez, Fernando",F1221.O86 I46 1972,AC,geografia
Tijuana-Luis Fimbres Moreno,37523,Mitología tarasca,"Corona Núñez, José",F1221.T3 C67 1957,AC,religion
Tijuana-Luis Fimbres Moreno,37653,Evolución política del pueblo mexicano,"Sierra, Justo",F1226 S54 1950,AC,historia
Tijuana-Luis Fimbres Moreno,37658,Los bienes de la iglesia en México (1856-1875),"Bazant, Jan",F1232.5 B39 1977,AC,historia
Tijuana-Luis Fimbres Moreno,37650,La ideología de la revolución mexicana; la formación del nuevorégimen,"Córdova, Arnaldo",F1234 C67 1979,AC,historia
Tijuana-Luis Fimbres Moreno,37647,El sinarquismo; ¿un fascismo mexicano? 1937-1947,"Meyer, Jean",F1234 M49 1979,AC,historia
Tijuana-Luis Fimbres Moreno,37617,Lecturas de política mexicana,Centro de Estudios Internacionales,F1235 C46 1977,AC,ciencia politica
Tijuana-Luis Fimbres Moreno,37657,El sistema político mexicano,"Cosío Villegas, Daniel",F1235 C67 1976,AC,historia
Tijuana-Luis Fimbres Moreno,37563,Posdata,"Paz, Octavio,",F1235 P39 1976,AC,literatura clasica
Tijuana-Luis Fimbres Moreno,37593,A través de la frontera,NA,F1249 C46 1983,AC,historia
Tijuana-Luis Fimbres Moreno,38309,Fama y oscuridad,"Talese, Gay",F128.52 T25 1975,AC,historia
Tijuana-Luis Fimbres Moreno,37543,Pueblo en vilo; microhistoria de San José de Gracia,"González, Luis",F1306 G66 1979,AC,historia
Tijuana-Luis Fimbres Moreno,38424,"Historia, tradiciones y leyendas de calles de México","Valle-Arizpe, Artemio",F1386 V35 1979,AC,historia
Tijuana-Luis Fimbres Moreno,37600,La Cultura moderna en América Latina,"Franco, Jean",F1408.3 F718 1971,AC,historia
Tijuana-Luis Fimbres Moreno,37604,Historia de la cultura en la América Hispanica,"Henríquez Ureña, Pedro",F1408.3 H57 1975,AC,historia
Tijuana-Luis Fimbres Moreno,37670,Imperialismo y cultura de la violencia en América Latina,"Ianni, Octavio",F1414 I36 1978,AC,historia
Tijuana-Luis Fimbres Moreno,37679,Los Estados Unidos y América Latina; de Monroe a Fidel Castro,"Matthews, Herbert L.",F1418 A64 1967,AC,historia
Tijuana-Luis Fimbres Moreno,37674,La Imagen de los Estados Unidos en la América Latina; de SimónBolivar a Salvador Allende,"Rama, Carlos M.",F1418 R36 1975,AC,historia
Tijuana-Luis Fimbres Moreno,37925,Los Códices mayas,"Garcés Contreras, Guillermo",F1435.3 G37 1975,AC,historia
Tijuana-Luis Fimbres Moreno,37651,La Revolución Cubana; una reinterpretación,"Bambirra, Vania",F1788 B36 1976,AC,historia
Tijuana-Luis Fimbres Moreno,38239,Facundo,"Sarmiento, Domingo Faustino",F2846 S27 1969,AC,literatura
Tijuana-Luis Fimbres Moreno,37597,Formación de una cultura nacional indoamericana,"Arguedas, José María",F3429 A74 1977,AC,historia
Tijuana-Luis Fimbres Moreno,37595,Al Norte de México el conflicto entre anglos e hispanos,"McWilliams, Carey",F786 M39 1968,AC,historia
Tijuana-Luis Fimbres Moreno,37596,Los Mexicanos de los Estados Unidos y el movimiento chicano,"Moore, Joan W.",F790.M5 M66 1973,AC,historia
Tijuana-Luis Fimbres Moreno,37777,Sociología del turismo; cambios estructurales en el turismomoderno,"Knebel, Hans-Joachim",G155 K6418 1974,AC,geografia
Tijuana-Luis Fimbres Moreno,38037,Los Océanos,"Salvat, Manuel",GC51 O24 1974,AC,geografia
Tijuana-Luis Fimbres Moreno,37599,Antropología e historia en el siglo de las luces,"Duchet, Michele",GN17 D815 1975,AC,antropologia
Tijuana-Luis Fimbres Moreno,37603,Estudio del hombre,"Linton, Ralph",GN24 L56 1956,AC,antropologia
Tijuana-Luis Fimbres Moreno,38044,Introducción a la antropología,"Beals, Ralph L.",GN25 B4318 1978,AC,antropologia
Tijuana-Luis Fimbres Moreno,38046,Los procesos de hominización,"Vallois, H.",GN350 V35 1969,AC,antropologia
Tijuana-Luis Fimbres Moreno,38048,El hombre antes de adan,"Silverberg, Robert",GN720 S55 1965,AC,antropologia
Tijuana-Luis Fimbres Moreno,38280,Arabescos del amor,"Weisweiler, Max",GR275 W45 1968,AC,antropologia
Tijuana-Luis Fimbres Moreno,37527,Introducción a la estadística aplicada a las ciencias de laconducta,"Young, Robert K.",H29 Y6818 1975,AC,ciencias sociales
Tijuana-Luis Fimbres Moreno,37541,Fundamentos de estadística en la investigación social,"Levin, Jack",HA29 L485 1979,AC,ciencias sociales
Tijuana-Luis Fimbres Moreno,37361,Estadística simplificada para psicólogos y educadores,"Smith, Milton G.",HA29 S65 1970,AC,ciencias sociales
Tijuana-Luis Fimbres Moreno,37986,Introducción a la estadística matemática,"Yule, G. Udny",HA29 Y85 1947,AC,ciencias sociales
Tijuana-Luis Fimbres Moreno,37701,Guía de Keynes,"Hansen, Alvin H.",HB103.K47 H3618 1974,AC,ciencias sociales
Tijuana-Luis Fimbres Moreno,37741,Miseria de la filosofía,"Marx, Karl,",HB163.P76 M3718 1979,AC,ciencias sociales
Tijuana-Luis Fimbres Moreno,37702,"Teoría general de la ocupación, el interés y el dinero","Keynes, John Maynard",HB171 K4918 1977,AC,ciencias sociales
Tijuana-Luis Fimbres Moreno,37682,Introducción a la economía,"Sickle, John V. Van",HB171.5 V3618 1959,AC,ciencias sociales
Tijuana-Luis Fimbres Moreno,37693,Economía política; problemas generales,"Lange, Oskar",HB173 L3618 1966,AC,ciencias sociales
Tijuana-Luis Fimbres Moreno,37692,Ciencia y teoría económica,"Pazos, Luis",HB178.5 P39 1976,AC,ciencias sociales
Tijuana-Luis Fimbres Moreno,37694,Teorías económicas Burguesas del siglo xx,"Firsoba, S.M.",HB501 F5718 1967,AC,ciencias sociales
Tijuana-Luis Fimbres Moreno,37644,El Romanticismo económico,"Lenin, V.I.",HB501 L46 1970,AC,ciencias sociales
Tijuana-Luis Fimbres Moreno,37688,Historia del pesamiento económico-social de la antigüedad al siglo XVI,"Silva Herzog, Jesús,",HB55 S55 1939,AC,ciencias sociales
Tijuana-Luis Fimbres Moreno,38169,Tópicos de matemáticas para administración y economía,"Sevilla, Joel",HB74.M3 S48 1976,AC,ciencias sociales
Tijuana-Luis Fimbres Moreno,37685,Historia de la economía,"Ferguson, John M.",HB75 F47 1948,AC,ciencias sociales
Tijuana-Luis Fimbres Moreno,37686,Historia de las doctrinas económicas,"Gonnard, René",HB75 G6618 1959,AC,ciencias sociales
Tijuana-Luis Fimbres Moreno,37681,Evolución de la economía moderna,"Gill, Richard T.",HB75 G75 1969,AC,ciencias sociales
Tijuana-Luis Fimbres Moreno,37711,Vida y doctrina de los grandes economistas,"Heilbroner, Robert L.",HB76 H4518 1977,AC,ciencias sociales
Tijuana-Luis Fimbres Moreno,37757,El Modo de producción asiático,"Chesneaux, Jean",HB97.5 C34 1969,AC,ciencias sociales
Tijuana-Luis Fimbres Moreno,37700,Ensayos sobre economía del bienestar,"Arrow, Kenneth J.",HB99.3 A7718 1974,AC,ciencias sociales
Tijuana-Luis Fimbres Moreno,37689,Historia económica general,"Weber, Max",HC 21 W4318 1964,AC,ciencias sociales
Tijuana-Luis Fimbres Moreno,37684,Examen de la situación económica de México 1925-1976,Banamex,HC131 B36 1978,AC,ciencias sociales
Tijuana-Luis Fimbres Moreno,37713,Dialéctica de la Economía Mexicana; del colonialismo al imperialismo,"Aguilar Monteverde, Alonso",HC133 A38 1977,AC,ciencias sociales
Tijuana-Luis Fimbres Moreno,37691,Ensayos sobre historia económica de México,"López Rosado, Diego G.",HC133 L67 1965,AC,ciencias sociales
Tijuana-Luis Fimbres Moreno,37731,"Recursos naturales de México; teoría, conocimiento y uso","Bassols Batalla, Angel",HC133.5 B37 1983,AC,ciencias sociales
Tijuana-Luis Fimbres Moreno,37714,La estructura económica y social de México en la época de la reforma,"López Cámara, Francisco",HC134 L67 1978,AC,ciencias sociales
Tijuana-Luis Fimbres Moreno,37697,Bases para la planeación económica y social de México,NA,HC135 B37 1966,AC,ciencias sociales
Tijuana-Luis Fimbres Moreno,37709,Geografía subdesarrollo y regionalización,"Bassols Batalla, Angel",HC135 B37 1971,AC,ciencias sociales
Tijuana-Luis Fimbres Moreno,37715,El Milagro mexicano,"Carmona, Fernando",HC135 C37 1979,AC,ciencias sociales
Tijuana-Luis Fimbres Moreno,37668,La Sucesión presidencial,"Cosío Villegas, Daniel",HC135 L43 1975,AC,ciencias sociales
Tijuana-Luis Fimbres Moreno,37695,La Formación del capitalismo en México,"Peña, Sergio de la",HC135 P46 1979,AC,ciencias sociales
Tijuana-Luis Fimbres Moreno,37704,La Economía mexicana; su estructura y crecimiento en el siglo XX,"Reynolds, Clark W.",HC135 R4918 1973,AC,ciencias sociales
Tijuana-Luis Fimbres Moreno,37699,Planes de desarrollo económico y social en México,"Solís, Leopoldo",HC135 S65 1975,AC,ciencias sociales
Tijuana-Luis Fimbres Moreno,37717,La Economía mexicana; II política y desarrollo,"Solís M., Leopoldo",HC135 S65 1978,AC,ciencias sociales
Tijuana-Luis Fimbres Moreno,37705,El Dilema del desarrollo económico de México,"Vernon, Raymond",HC135 V4718 1977,AC,ciencias sociales
Tijuana-Luis Fimbres Moreno,37718,La sociedad mexicana,"Wionczek, Miguel S.",HC135 W56 1979,AC,ciencias sociales
Tijuana-Luis Fimbres Moreno,37683,Tres estudios socio-económicos de la frontera,"Treviño Arredondo, René",HC137.B25 T74 1979,AC,ciencias sociales
Tijuana-Luis Fimbres Moreno,37719,Ensayos económicos de Baja California 1940-1970,"Noriega Verdugo, Sergio",HC137.B35 N67 1982,AC,ciencias sociales
Tijuana-Luis Fimbres Moreno,37611,Estadísticas y gráficas de Tijuana,"Guevara Santillan, Manuel",HC138.T52 G84 1979,AC,estudio
Tijuana-Luis Fimbres Moreno,37708,En torno a los orígenes de la revolución industrial,"Hobsbawm, E. J.",HC240 H6318 1980,AC,ciencias sociales
Tijuana-Luis Fimbres Moreno,37687,Los Bienes terrenales del hombre; historia de las riquezas de las naciones,"Huberman, Leo",HC25 H8318 1977,AC,ciencias sociales
Tijuana-Luis Fimbres Moreno,37637,¿Es el comunismo una nueva etapa?,"Budish, Jacob M.",HC335 B83 1967,AC,ciencias sociales
Tijuana-Luis Fimbres Moreno,37690,Historia económica y social de la Edad Media,"Pirenne, Henri",HC41 P5718 1978,AC,ciencias sociales
Tijuana-Luis Fimbres Moreno,37646,Desarrollo y revolución cultural en China,"Wheelwright, E. L.",HC427.9 W44 1972,AC,ciencias sociales
Tijuana-Luis Fimbres Moreno,37706,Hacia una dialéctica del subdesarrollo,"Díaz Chávez, Filander",HC59.7 D53 1971,AC,ciencias sociales
Tijuana-Luis Fimbres Moreno,37758,Las Empresas transnacionales; expansión a nivel mundial y proyección en la industria mexicana,"Fajnzylber, Fernando",HD2811 F47 1980,AC,ciencias sociales
Tijuana-Luis Fimbres Moreno,38153,Arriba la organización; cómo evitar que la organización ahogue a los empleados y se coma los beneficios,"Townsend, Robert",HD31 T6918 1980,AC,ciencias sociales
Tijuana-Luis Fimbres Moreno,38165,El Directivo racional ; enfoque sistemático a la resolución deproblemas y toma de decisiones,"Kepner, Charles H.",HD38 K4718 1970,AC,ciencias sociales
Tijuana-Luis Fimbres Moreno,38158,La Práctica de la creatividad,"Prince, George M.",HD38 P7518 1980,AC,ciencias sociales
Tijuana-Luis Fimbres Moreno,37721,Salarios,"Dobb, Maurice",HD4909 D6318 1975,AC,ciencias sociales
Tijuana-Luis Fimbres Moreno,37756,Industrialización y empleo en México,"Trejo Reyes, Saúl",HD5731.A6 T74 1978,AC,ciencias sociales
Tijuana-Luis Fimbres Moreno,38151,Teoría Z,"Ouchi, William G.",HD70.13 O9318 1982,AC,ciencias sociales
Tijuana-Luis Fimbres Moreno,37585,La clase obrera en la historia de México 1; de la colonia al imperio,NA,HD8116 C56 1980,AC,ciencias sociales
Tijuana-Luis Fimbres Moreno,37586,La clase obrera en la historia de México 2; del estado liberala los inicios de la dictadura Porfirista,"Leal, Juan Felipe",HD8116 C56 1980,AC,ciencias sociales
Tijuana-Luis Fimbres Moreno,37587,La Clase obrera en la historia de México 3; de la dictadura Porfirista a los tiempos libertarios,"Cardoso, Ciro F.S.",HD8116 C56 1980,AC,ciencias sociales
Tijuana-Luis Fimbres Moreno,37588,La Clase obrera en la historia de México 9; en una época de crisis (1928-1934),"Córdova, Arnoldo",HD8116 C56 1980,AC,ciencias sociales
Tijuana-Luis Fimbres Moreno,37696,Ensayos sobre planificación económica,"Lange, Oskar",HD82 L3618 1970,AC,ciencias sociales
Tijuana-Luis Fimbres Moreno,37732,La era del petróleo,"Cruz O., Oscar René",HD9560.5 M84 1980,AC,ciencias sociales
Tijuana-Luis Fimbres Moreno,37733,"El petróleo de México; su importancia, sus problemas","López Portillo y Weber, José",HD9574.M6 L67 1975,AC,ciencias sociales
Tijuana-Luis Fimbres Moreno,37677,México y los estados unidos en el conflicto petrolero (1917-1942),"Meyer, Lorenzo",HD9574.M6 M49 1981,AC,ciencias sociales
Tijuana-Luis Fimbres Moreno,37734,El Rescate del petróleo; epopeya de un pueblo,"Rodríguez, Antonio",HD9574.M6 R63 1975,AC,ciencias sociales
Tijuana-Luis Fimbres Moreno,37913,Teoría del comercio internacional,"Torres Gaytan, Ricardo",HF1007 T67 1972,AC,ciencias sociales
Tijuana-Luis Fimbres Moreno,38178,Lecturas escogidas en marketing,NA,HF5415 I23 1971,AC,ciencias sociales
Tijuana-Luis Fimbres Moreno,38135,La Sociedad contemporánea y el empresario,"Servitje, Lorenzo",HF5500 S47 1981,AC,ciencias sociales
Tijuana-Luis Fimbres Moreno,38159,Las Relaciones humanas en los negocios,"Baer, Earl E.",HF5548.8 B3418 1981,AC,ciencias sociales
Tijuana-Luis Fimbres Moreno,37452,Psicología de las organizaciones,"Bass, Bernard M.",HF5548.8 B37 1972,AC,ciencias sociales
Tijuana-Luis Fimbres Moreno,37453,Psicología industrial; sus fundamentos teóricos y sociales,"Blum, Milton I.",HF5548.8 B5818 1981,AC,ciencias sociales
Tijuana-Luis Fimbres Moreno,37454,Psicología industrial,"Dunnette, Marvin D.",HF5548.8 D86 1972,AC,ciencias sociales
Tijuana-Luis Fimbres Moreno,38160,La Administración de la relaciones humanas,"Gellerman, Saul W.",HF5549 G4518 1978,AC,ciencias sociales
Tijuana-Luis Fimbres Moreno,38157,Mando y motivación,"McGregor, Douglas",HF5549 M3418 1977,AC,ciencias sociales
Tijuana-Luis Fimbres Moreno,38161,El Aspecto humano de las empresas,"McGregor, Douglas",HF5549 M3418 1977,AC,ciencias sociales
Tijuana-Luis Fimbres Moreno,38156,Capacitación y desarrollo de personal,"Siliceo Aguilar, Alfonso",HF5549.5.C3 S55 1985,AC,ciencias sociales
Tijuana-Luis Fimbres Moreno,38155,Estructura y elaboración de pruebas para selección de personal,"Rivera Soler, Ricardo Antonio",HF5549.5.E5 R58 1968,AC,ciencias sociales
Tijuana-Luis Fimbres Moreno,37759,Las Empresas transnacionales en México,"Sepúlveda Amor, Bernardo",HG5162 S47 1977,AC,ciencias sociales
Tijuana-Luis Fimbres Moreno,37727,Historia del peso mexicano,"López Rosado, Diego G.",HG662 L67 1975,AC,ciencias sociales
Tijuana-Luis Fimbres Moreno,37725,Inflación y democracia; el caso de México,"Barkin, David",HG664 B34 1979,AC,ciencias sociales
Tijuana-Luis Fimbres Moreno,37558,La Cultura como empresa multinacional,"Mattelart, Armand",HM101 M388 1979,AC,ciencias sociales
Tijuana-Luis Fimbres Moreno,37566,Cambio social,"Moore, Wilbert E.",HM101 M66 1972,AC,ciencias sociales
Tijuana-Luis Fimbres Moreno,37365,Dinámica de grupos; investigación y teoría,"Cartwright, Dorwin",HM131 C37 1971,AC,ciencias sociales
Tijuana-Luis Fimbres Moreno,37561,La Enajenación del hombre moderno,"Pappenheim, Fritz",HM131 P37 1976,AC,musica
Tijuana-Luis Fimbres Moreno,38164,Análisis de la organización ; aspecto sociológico,"Perrow, Charles",HM131 P4718 1972,AC,ciencias sociales
Tijuana-Luis Fimbres Moreno,37450,Técnicas y práctica de las relaciones humanas,"Vela, Jesús Andrés",HM134 V45 1983,AC,ciencias sociales
Tijuana-Luis Fimbres Moreno,37548,Lecturas de psicología social contemporánea,"Marín, Gerardo",HM251 M37 1976,AC,ciencias sociales
Tijuana-Luis Fimbres Moreno,37549,Manual de investigación en psicología social,"Marín, Gerardo",HM251 M375 1975,AC,ciencias sociales
Tijuana-Luis Fimbres Moreno,37550,Fundamentos del comportamiento colectivo,"Mitscherlich, Alexander",HM251 M5818 1973,AC,ciencias sociales
Tijuana-Luis Fimbres Moreno,37552,Psicología social,"Rodríguez, Aroldo",HM251 R6318 1978,AC,ciencias sociales
Tijuana-Luis Fimbres Moreno,38180,Perlería; entre la publicidad y la propaganda,"Ferrer Rodríguez, Eulalio",HM263 F47 1977,AC,ciencias sociales
Tijuana-Luis Fimbres Moreno,38181,Publicidad; técnica y práctica,"Parramón, José Ma.",HM263 P37 1974,AC,ciencias sociales
Tijuana-Luis Fimbres Moreno,37384,Psicoanálisis de la sociedad contemporánea ; hacia una sociedad sana,"Fromm, Erich,",HM271 F76 1976,AC,psicologia
Tijuana-Luis Fimbres Moreno,37372,Modificación de conducta; análisis de la agresión y la delincuencia,"Bandura, Albert,",HM281 B36 1978,AC,ciencias sociales
Tijuana-Luis Fimbres Moreno,37366,Conducción de grupos y de masas estrategia y táctica,"Fingermann, Gregorio",HM281 F56 1972,AC,ciencias sociales
Tijuana-Luis Fimbres Moreno,37554,Grupos humanos,"Sprott, W.J.H.",HM291 S67 1973,AC,ciencias sociales
Tijuana-Luis Fimbres Moreno,37532,La sociedad,"Chinoy, Ely",HM51 C4718 1966,AC,ciencias sociales
Tijuana-Luis Fimbres Moreno,37534,Sociología,"Fichter, Joseph H.",HM51 F53 1978,AC,ciencias sociales
Tijuana-Luis Fimbres Moreno,37545,Sociología de Marcel Mauss,"Cazeneuve, Jean",HM55 C39 1970,AC,ciencias sociales
Tijuana-Luis Fimbres Moreno,37564,Alternativas,"Illich, Ivan",HM61 I55 1977,AC,ciencias sociales
Tijuana-Luis Fimbres Moreno,37535,Introducción a la sociología,"López Rosado, Felipe",HM66 L7674 1972,AC,ciencias sociales
Tijuana-Luis Fimbres Moreno,924422,Primer certamen universitario de ensayo,NA,HM821 C47 2006,BC,investigacion sociocultural
Tijuana-Luis Fimbres Moreno,37576,Sociología del renacimiento,"Martin, Alfred Von",HN11 M3718 1974,AC,ciencias sociales
Tijuana-Luis Fimbres Moreno,37574,"Migracion, etnicismo y cambio económico","Arizpe, Lourdes",HN113 A37 1978,AC,ensayo
Tijuana-Luis Fimbres Moreno,37589,Ensayos sobre las clases sociales en México,NA,HN113 E48 1968,AC,ciencias sociales
Tijuana-Luis Fimbres Moreno,37556,Sociopsicoanálisis del campesino mexicano,"Fromm, Erich,",HN113.5 F7618 1973,AC,ciencias sociales
Tijuana-Luis Fimbres Moreno,37626,"La Burguesía, la oligarquía y el estado","Carrión, Jorge",HN120.Z9 S37 1977,AC,ciencias sociales
Tijuana-Luis Fimbres Moreno,37601,Antropología de la pobreza; cinco familias,"Lewis, Oscar",HQ562 L49 1961,AC,antropologia
Tijuana-Luis Fimbres Moreno,37434,La Muerte de la familia,"Cooper, David",HQ728 C66 1980,AC,ciencias sociales
Tijuana-Luis Fimbres Moreno,38076,El Futuro de la herencia humana,"Osborn, Frederick",HQ753 O83 1971,AC,ciencias sociales
Tijuana-Luis Fimbres Moreno,37573,Estudio social-psicológico de la planificación familiar,"Weiss, Susan Pick de",HQ766 P5 1979,AC,psicologia
Tijuana-Luis Fimbres Moreno,37427,El adolescente y su familia,"Lidz, Theodore",HQ769 L53 1972,AC,ciencias sociales
Tijuana-Luis Fimbres Moreno,37423,El niño de 9 a 10 años,"Gesell, Arnold",HQ772 G47 1976,AC,ciencias sociales
Tijuana-Luis Fimbres Moreno,37425,Desarrollo normal y anormal del escolar,"Weiner, I.B.",HQ772 W45 1976,AC,ciencias sociales
Tijuana-Luis Fimbres Moreno,37402,Aprendizaje social y desarrollo de la personalidad,"Bandura, Albert,",HQ783 B34 1983,AC,psicologia
Tijuana-Luis Fimbres Moreno,38140,Cómo trabajar con grupos adolescentes,"Roberts, Dorothy M.",HQ796 R6318 1978,AC,ciencias sociales
Tijuana-Luis Fimbres Moreno,38138,Cómo ser un miembro de consejo o comité,"Sorenson, Roy",HS35 S6718 1974,AC,ciencias sociales
Tijuana-Luis Fimbres Moreno,37673,Breve historia de la esclavitud negra en América Latina,"Mellafe, Rolando",HT1048 M45 1973,AC,ciencias sociales
Tijuana-Luis Fimbres Moreno,37544,El crecimiento de las ciudades en América Latina,"Harris, Walter D.",HT127.5 H37 1975,AC,ciencias sociales
Tijuana-Luis Fimbres Moreno,37580,Clases y lucha de clases,"Glezerman, G.",HT609 S54 1968,AC,ciencias sociales
Tijuana-Luis Fimbres Moreno,37583,La Desigualdad social I; teorías de la estratificación y la movilidad sociales,"Stern, Claudio",HT609 S84 1974,AC,ciencias sociales
Tijuana-Luis Fimbres Moreno,37584,La Desigualdad social II; teorías de la estratificación y la movilidad sociales,"Stern, Claudio",HT609 S84 1974,AC,ciencias sociales
Tijuana-Luis Fimbres Moreno,37852,A National strategy to reduce crime,NA,HV8138 N38 1973,AC,ciencias sociales
Tijuana-Luis Fimbres Moreno,37846,La Fundación Rockefeller,"Fosdick, Raymond B.",HV97.R6 F6718 1957,AC,ciencias sociales
Tijuana-Luis Fimbres Moreno,37633,Precursores del socialismo,"Owen, Robert",HX15 P74 1970,AC,ciencias sociales
Tijuana-Luis Fimbres Moreno,37632,El Socialismo anterior a Marx,"Babeuf, Graco",HX21 B33 1969,AC,ciencias sociales
Tijuana-Luis Fimbres Moreno,37631,Historia y enajenación,"Gorz, André",HX266 G67 1964,AC,ciencias sociales
Tijuana-Luis Fimbres Moreno,37638,La Comuna de Berlin,"Luxemburgo, Rosa",HX273 L46 1971,AC,ciencias sociales
Tijuana-Luis Fimbres Moreno,37645,Lenin; (la coherencia de su pensamiento),"Lukács, Georg",HX312.L43 L83 1970,AC,ciencias sociales
Tijuana-Luis Fimbres Moreno,37745,El estado y la revolución; la doctrina del estado y las tareasdel proletariado en la revolución,"Lenin, V.I.",HX314 L4618 1973,AC,ciencias sociales
Tijuana-Luis Fimbres Moreno,37746,Los fundamentos del Leninismo,"Stalin, José",HX314 S7318 1970,AC,ciencias sociales
Tijuana-Luis Fimbres Moreno,37634,Fuentes y partes integrantes del marxismo,"Lenin, V.I.",HX39 L49 1970,AC,ciencias sociales
Tijuana-Luis Fimbres Moreno,37348,El Materialismo histórico,"Cornforth, Maurice",HX39.5 C66 1982,AC,ciencias sociales
Tijuana-Luis Fimbres Moreno,37740,Marx y su concepto del hombre ; manuscritos económico-filosófico,"Fromm, Erich,",HX39.5 F7618 1962,AC,ciencias sociales
Tijuana-Luis Fimbres Moreno,37347,Práctica social y teoría,"Besse, Guy",HX59 B47 1969,AC,ciencias sociales
Tijuana-Luis Fimbres Moreno,37346,Rousseau en México,"Sánchez Vázquez, Adolfo",HX59 S26 1970,AC,ciencias sociales
Tijuana-Luis Fimbres Moreno,37656,Utopía; precedida de una carta a Pedro Giles,"Moro, Tomás, 1478-1535",HX811.5 M67 1957,AC,ciencias sociales
Tijuana-Luis Fimbres Moreno,37629,Introducción a las doctrinas político-económicas,"Montenegro, Walter",JA69 M66 1982,AC,ciencias sociales
Tijuana-Luis Fimbres Moreno,37614,Sociología de la política elementos de ciencia política,"Duverger, Maurice",JA76 D88 1980,AC,ciencia politica
Tijuana-Luis Fimbres Moreno,37616,Política y ciencia social,Mackenzie W.J.M.,JA76 M3318 1972,AC,ciencia politica
Tijuana-Luis Fimbres Moreno,37627,Los Grandes textos políticos; desde Maquiavelo a nuestro días,"Chevallier, Jean-Jacques",JA83 C48 1955,AC,ciencia politica
Tijuana-Luis Fimbres Moreno,37513,Tratado de la ley=tratado de la justicia=opúsculo sobre el gobierno de los príncipes,"Tomás de Aquino, Santo",JC121 T66 1975,AC,ciencia politica
Tijuana-Luis Fimbres Moreno,37639,Hegemonía y dominación en el estado moderno,"Poulantzas, Nicos",JC131 P68 1977,AC,ciencias sociales
Tijuana-Luis Fimbres Moreno,37625,Locke,"Blanco F., Francisco",JC153.L8 B63 1977,AC,ciencia politica
Tijuana-Luis Fimbres Moreno,38268,El Contrato social,"Rousseau, Juan Jacobo",JC179 R68 1969,AC,filosofia
Tijuana-Luis Fimbres Moreno,37618,Teoría del estado,"Heller, Hermann",JC263 H4718 1971,AC,ciencia politica
Tijuana-Luis Fimbres Moreno,37643,Acerca del estado,"Lenin, V.I.",JC268 L4618 1970,AC,ciencia politica
Tijuana-Luis Fimbres Moreno,37619,Estado y nación,"Akzin, Benjamin",JC311 A39 1968,AC,ciencia politica
Tijuana-Luis Fimbres Moreno,37648,La unidad nacional y los nacionalismos españoles,"Ramos Oliveira, Antonio",JC311 R36 1970,AC,ciencia politica
Tijuana-Luis Fimbres Moreno,37675,Espionaje político,"Marín, Carlos",JC325 M37 1981,AC,ciencia politica
Tijuana-Luis Fimbres Moreno,38262,La Ciudad antigua,"Coulanges, Fustel de",JC51 C68 1968,AC,ciencia politica
Tijuana-Luis Fimbres Moreno,37843,"Administración pública; la función administrativa, los sistemas de organización y otros aspectos","Waldo, Dwight",JF1351 W3518 1967,AC,ciencia politica
Tijuana-Luis Fimbres Moreno,37662,Reforma política mexicana y el sistema pluripartidista,"Murillo Soberanis, Manlio Fabio",JL1231 M87 1979,AC,ciencia politica
Tijuana-Luis Fimbres Moreno,37698,La Riqueza de la pobreza,"González Pedrero, Enrique",JL1281 G66 1979,AC,ciencia politica
Tijuana-Luis Fimbres Moreno,37664,Los Partidos políticos de México,"Conchello, José Angel",JL1298 P37 1975,AC,ciencia politica
Tijuana-Luis Fimbres Moreno,37636,Ideología y poder en la política soviética,"Brzezinski, Zbigniew,",JN 6515 B79 1970,AC,ciencia politica
Tijuana-Luis Fimbres Moreno,37654,¿Que es el tercer estado?,"Sieyes, Emmanuel",JN2409 S54 1973,AC,ciencia politica
Tijuana-Luis Fimbres Moreno,37738,El Marxismo y los caminos del porvenir,"Rochet, Waldeck",JN3007.C6 R63 1969,AC,ciencia politica
Tijuana-Luis Fimbres Moreno,37669,El Anticolonialismo europeo; desde las Casas a Marx,"Merle, Marcel",JV61 A5818 1972,AC,ciencia politica
Tijuana-Luis Fimbres Moreno,37672,El Colonialismo,"Marx, Karl,",JV61 M37 1970,AC,ciencia politica
Tijuana-Luis Fimbres Moreno,37667,Los Grupos y el poder político en los Estados Unidos,"Dion, León",JX1118 D5618 1967,AC,ciencia politica
Tijuana-Luis Fimbres Moreno,37769,Las Doctrinas Monroe y Drago,"Fabela, Isidro,",JX1425 F33 1957,AC,ciencia politica
Tijuana-Luis Fimbres Moreno,37620,El derecho de las naciones a la autodeterminación,"Lenin, V.I.",JX4054 L4618 1969,AC,ciencia  politica
Tijuana-Luis Fimbres Moreno,37834,Metodología jurídica,"Bielsa, Rafael,",K 50. J92 B54,AC,derecho
Tijuana-Luis Fimbres Moreno,37780,Teoría de la constitución,"Loewenstein, Karl",K27.P6 L6418 1976,AC,derecho
Tijuana-Luis Fimbres Moreno,37660,Los derechos humanos y el derecho penal,"García Ramírez, Sergio",K3240.4 G37 1976,AC,derecho
Tijuana-Luis Fimbres Moreno,924766,Compliance y responsabilidad penal,NA,K5069 C65 2020,AC,derecho
Tijuana-Luis Fimbres Moreno,37465,Derecho natural,"D``Entreves, A. P.",K52 D46 1972,AC,derecho
Tijuana-Luis Fimbres Moreno,37766,Panorama del pensamiento jurídico en el siglo XX,"Recaséns Siches, Luis",K7 R43 1963,AC,derecho
Tijuana-Luis Fimbres Moreno,37785,El Juicio de amparo,"Burgoa, Ignacio",KC736 B87 1957,AC,derecho
Tijuana-Luis Fimbres Moreno,38275,Fuero juzgo o libro de los jueces v.I,NA,KD252 F84 1968,AC,derecho
Tijuana-Luis Fimbres Moreno,38276,Fuero juzgo o libro de los jueces v.II,NA,KD252 F84 1968,AC,derecho
Tijuana-Luis Fimbres Moreno,37840,Legislación sobre derechos de autor,"México, Leyes, Decretos, Etc.",KGF1574 L44 1980,AC,derecho
Tijuana-Luis Fimbres Moreno,37831,Instituciones de derecho procesal civil,"Pina, Rafael de",KGF2579 P76 1961,AC,derecho
Tijuana-Luis Fimbres Moreno,37789,Leyes fundamentales de México 1808-1976,"Tena Ramírez, Felipe",KGF2905 T46 1976,AC,derecho
Tijuana-Luis Fimbres Moreno,37778,Derecho constitucional,"Bielsa, Rafael,",KGF2921 B54 1959,AC,derecho
Tijuana-Luis Fimbres Moreno,37781,El Articulo 14 y el juicio constitucional,"Rabasa, Emilio",KGF3010 R33 1955,AC,derecho
Tijuana-Luis Fimbres Moreno,37810,Doctrina general del derecho civil,"Coviello, Nicolas",KGF409 C68 1949,AC,derecho
Tijuana-Luis Fimbres Moreno,37827,Elementos de derecho civil mexicano,"Pina, Rafael de",KGF409 P56 1960,AC,derecho
Tijuana-Luis Fimbres Moreno,37808,Génesis del derecho penal,"Romagnosi, Giandomenico",KGF5419 R66 1956,AC,derecho
Tijuana-Luis Fimbres Moreno,37809,Derecho penal mexicano; parte general,"Villalobos, Ignacio",KGF5419 V55 1960,AC,derecho
Tijuana-Luis Fimbres Moreno,37814,Derecho hipotecario mexicano,"Rojina Villegas, Rafael",KGF670 R65 1945,AC,derecho
Tijuana-Luis Fimbres Moreno,37776,Tratado de derecho internacional público,"Sierra, Manuel J.",KJ409 S54 1959,AC,derecho
Tijuana-Luis Fimbres Moreno,37815,El Fideicomiso; teoría y práctica,"Batiza, Rodolfo",KN105 B38 1980,AC,derecho
Tijuana-Luis Fimbres Moreno,37825,Títulos de crédito cambiarios ; letra de cambio y pagaré,"Mantilla Molina, Roberto L.",KN114 M36 1977,AC,derecho
Tijuana-Luis Fimbres Moreno,37820,Tratado de sociedades mercantiles v.II,"Rodríguez Rodríguez, Joaquin",KN40 R63 1981,AC,derecho
Tijuana-Luis Fimbres Moreno,37570,El Moviento estudiantil de México II; julio-diciembre de 1968,"Ramírez, Ramón",LA186 M36 1969,AC,educacion
Tijuana-Luis Fimbres Moreno,37873,Educación y sociedad en la historia de México,"Robles, Martha",LA421 R63 1979,AC,educacion
Tijuana-Luis Fimbres Moreno,37876,"Evolución reciente de la educación en América Latina, V",NA,LA541 U54 1976,AC,educacion
Tijuana-Luis Fimbres Moreno,37877,"Evolución reciente de la educación en América Latina, VI; análisis regional Honduras, Jamaica, México, Nicaragua y Panamá",,LA541 U54 1976,AC,educacion
Tijuana-Luis Fimbres Moreno,37879,Didáctica de la lectura creadora,"Lacau, María Hortensia",LB 2393 P35 1966,AC,educacion
Tijuana-Luis Fimbres Moreno,37896,Instrucción basada en la capacidad; una estrategia para eliminar el fracaso,"Nagel, Thomas S.",LB1025 N34 1979,AC,educacion
Tijuana-Luis Fimbres Moreno,37891,Didáctica general,"Tomaschewsky, Karlhein",LB1025 T66 1966,AC,educacion
Tijuana-Luis Fimbres Moreno,37858,Enseñanza humanística,"Clark, Donald H.",LB1025.2 C5318 1973,AC,educacion
Tijuana-Luis Fimbres Moreno,37887,Búsqueda personal y educación,"Kline, Lloyd W.",LB1025.2 K5618 1973,AC,educacion
Tijuana-Luis Fimbres Moreno,37889,Planeamiento de la enseñanza,"Popham, W. James",LB1027 P6718 1976,AC,educacion
Tijuana-Luis Fimbres Moreno,37899,Guía de estudio efectivo,"Brown, William F.",LB1049 B7618 1975,AC,educacion
Tijuana-Luis Fimbres Moreno,37898,El estudio autodirigido,"Knowles, Malcolm S.",LB1049 K5618 1982,AC,educacion
Tijuana-Luis Fimbres Moreno,37904,Técnica de la lectura veloz; manual para el docente,"Fry, Edward",LB1050.5 F79 1970,AC,educacion
Tijuana-Luis Fimbres Moreno,37443,El Niño dislexico; guía para resolver las dificultades en la lectura y escritura,"Nieto Herrera, Margarita E.",LB1050.5 N54 1983,AC,educacion
Tijuana-Luis Fimbres Moreno,37421,Una didáctica fundada en la psicología de Jean Piaget,"Aebli, Hans",LB1051 A35 1973,AC,psicologia
Tijuana-Luis Fimbres Moreno,37403,Bases psicológicas de la educación,"Bigge, Morris L",LB1051 B4518 1970,AC,psicologia
Tijuana-Luis Fimbres Moreno,38114,Introducción al psicoanálisis para educadores,"Freud, Anna",LB1051 F7418 1976,AC,psicologia
Tijuana-Luis Fimbres Moreno,37860,Análisis conductual aplicado a la instrucción,"Bijou, Sidney W.",LB1055 B5518 1978,AC,psicologia
Tijuana-Luis Fimbres Moreno,37404,Fundamentos de aprendizaje y motivación,"Logan, Frank A.",LB1065 L64 1976,AC,psicologia
Tijuana-Luis Fimbres Moreno,37862,El Desarrollo de la inteligencia en el niño pequeño y en el preescolar,"Huttenlocher, Janellen",LB1140.2 H88 1974,AC,psicologia
Tijuana-Luis Fimbres Moreno,37864,La Comprensión del lenguaje en la educación,"Mac Ginitie, Walter H.",LB1528 M33 1975,AC,psicologia
Tijuana-Luis Fimbres Moreno,37424,Como aprenden los niños pequeños y los escolares,"Holt, John",LB1555 H65 1974,AC,educacion
Tijuana-Luis Fimbres Moreno,37911,Orientación profesional del niño,"Arnold, Wilhelm",LB2343.3 A76 1966,AC,educacion
Tijuana-Luis Fimbres Moreno,37863,El Hombre y la cultura; problemas teóricos sobre educación,"Leontiev, A.N.",LB41 L4618 1968,AC,educacion
Tijuana-Luis Fimbres Moreno,37855,El Concepto de educación,"Peters, Richard S.",LB775 P48 1969,AC,educacion
Tijuana-Luis Fimbres Moreno,37884,Patricio Redondo y la técnica Freinet,"Costa Jou, Ramón, prólogo",LB775.F76 R46 1974,AC,educacion
Tijuana-Luis Fimbres Moreno,37886,Pedagogía del oprimido,"Freire, Paulo",LB880 F74 1970,AC,educacion
Tijuana-Luis Fimbres Moreno,37906,Extensión o comunicación?; la concientización en el medio rural,"Freire, Paulo",LC191 F74 1982,AC,educacion
Tijuana-Luis Fimbres Moreno,37408,El Derecho a ser inteligente,"Machado, Luis Alberto",LC191 M23 1978,AC,psicologia
Tijuana-Luis Fimbres Moreno,37868,Guía para los educadores de los países en desarrollo,"Tibbetts, John",LC2605 T5318 1970,AC,educacion
Tijuana-Luis Fimbres Moreno,38203,Música y músicos de la época virreinal,"Estrada, Jesús",ML210 E88 1973,AC,musica
Tijuana-Luis Fimbres Moreno,38207,Armonía y modulación,"Riemann, Hugo",MT50 R54 1952,AC,musica
Tijuana-Luis Fimbres Moreno,38204,Compendio de armonía,"Scholz, Hans",MT50 S36 1951,AC,musica
Tijuana-Luis Fimbres Moreno,38205,Tratado de armonía libro III,"Zamacois, Joaquín",MT50 Z36 1958,AC,musica
Tijuana-Luis Fimbres Moreno,38202,Temas de cultura musical,"Carrillo Paz, Gustavo",MT6 C37 1973,AC,musica
Tijuana-Luis Fimbres Moreno,38187,El Arte universal II,"Cirici, Alexandre",N5300 C57 1975,AC,musica
Tijuana-Luis Fimbres Moreno,37316,Investigaciones filosóficas sobre el origen y naturaleza delo bello,Diderot,N63 D53 1973,AC,filosofia
Tijuana-Luis Fimbres Moreno,38331,Discurso preliminar de la enciclopedia,"D´alembert, Jean Le Rond",N63.D5 D35 1974,AC,bellas artes
Tijuana-Luis Fimbres Moreno,38191,Arte mexicano; de sus orígenes a nuestro días,"Fernández, Justino",N6550 F47 1958,AC,bellas artes
Tijuana-Luis Fimbres Moreno,38190,El Arte en México,"Romero de Terreros, Manuel",N6553 R66 1951,AC,bellas artes
Tijuana-Luis Fimbres Moreno,38186,Historia social de la literatura y el arte v.III,"Hauser, Arnold",N72 H38 1974,AC,bellas artes
Tijuana-Luis Fimbres Moreno,926780,El dilema de la pareja,"Perel, Esther",NA,AC,psicologia
Tijuana-Luis Fimbres Moreno,927055,Comunicación didáctica en ambientes híbridos de aprendizaje en el nivel superior,"Vázquez Acevedo, Selene",NA,AC,educacion
Tijuana-Luis Fimbres Moreno,38194,La Pintura griega,"Devambez, Pierre",ND110 D48 1967,AC,bellas artes
Tijuana-Luis Fimbres Moreno,38193,Artes decorativas en la antigüedad,"Polsen, Frederik",NK1180 P68 1958,AC,bellas artes
Tijuana-Luis Fimbres Moreno,37917,Invitación a la lingÜística,"Pei, Mario",P121 P45 1970,AC,lengua
Tijuana-Luis Fimbres Moreno,37920,Aspectos de la teoría de la sintaxis,"Chomsky, Noam",P291 C4618 1976,AC,lengua
Tijuana-Luis Fimbres Moreno,37919,Elementos de semántica lingüística,"Trujillo, Ramón",P325 T78 1976,AC,lengua
Tijuana-Luis Fimbres Moreno,37918,Revolución en la lingüística,"Salvat, Manuel",P73 R48 1973,AC,lengua
Tijuana-Luis Fimbres Moreno,37559,Comunicación masiva y revolución socialista,"Mattelart, Armand",P92.C4 M388 1980,AC,historia
Tijuana-Luis Fimbres Moreno,38218,Los Orígenes de la novela,"García Gual, Carlos",PA3040 G37 1972,AC,literatura
Tijuana-Luis Fimbres Moreno,37317,De lo sublime,"Longino, Dionisio",PA4229 L66 1972,AC,lengua y literatura
Tijuana-Luis Fimbres Moreno,37768,Tratado de la República tratado de las leyes Catilinarias,"Cicerón, Marco Tulio",PA6156 C53 1975,AC,lengua
Tijuana-Luis Fimbres Moreno,37470,"Los Oficios o los deberes de la vejez, de la amistad","Cicerón, Marco Tulio",PA6315.E8 C53 1975,AC,lenguaje y literatura
Tijuana-Luis Fimbres Moreno,37492,De la brevedad de la vida,"Seneca, Lucio Anneo",PA6673.E8 S46 1980,AC,filosofia
Tijuana-Luis Fimbres Moreno,38263,Elogio de locura,Erasmo de Rotterdam,PA8514.E8 E73 1966,AC,lengua
Tijuana-Luis Fimbres Moreno,38219,Curso de redacción del pensamiento a la palabra,"Vivaldi, Gonzalo Martín",PC4410 V58 1998,AC,literatura
Tijuana-Luis Fimbres Moreno,38220,Curso de técnicas de expresión,NA,PC4721 C87 1973,AC,ciencias auxiliares
Tijuana-Luis Fimbres Moreno,37922,Business english; and handbook of grammar and usage,"Harold Janis, J.",PE1115 J36 1957,AC,lengua
Tijuana-Luis Fimbres Moreno,38225,Crimen y castigo,"Dostoyevski, Fiodor",PG3327.E8 D67 1970,AC,misterio
Tijuana-Luis Fimbres Moreno,38235,La Ventisca y otros cuentos,"Pushkin, Alexandr S.",PG3348 P87 1967,AC,literatura
Tijuana-Luis Fimbres Moreno,38251,"El Tio Vania, la gaviota, El jardín de los cerezos","Chejov, Anton Paulovich",PG3457.E8 C44 1970,AC,literatura
Tijuana-Luis Fimbres Moreno,38254,"La Chinche, el baño","Mayakovsky, Vladimir",PG3476.M3 M29 1964,AC,literatura
Tijuana-Luis Fimbres Moreno,38240,Lucharon por la patria ; premio nobel 1965,"Sholojov, Miguel",PG3476.S52 S56 1966,AC,literatura
Tijuana-Luis Fimbres Moreno,38418,La Literatura de los Aztecas,"Garibay K., Angel Ma.",PM4068.5 G37 1975,AC,literatura y musica
Tijuana-Luis Fimbres Moreno,38425,Panorama literario de los pueblos nabuas,"Garibay K., Angel Ma.",PM4068.5 G37 1975,AC,musica cultura
Tijuana-Luis Fimbres Moreno,38439,El arco y la lira,"Paz, Octavio,",PN1048 P39 1996,AC,bellas artes
Tijuana-Luis Fimbres Moreno,38215,Sociología del teatro ensayo sobre las sombras colectivas,"Duvignaud, Jean",PN1643 D88 1966,AC,literatura
Tijuana-Luis Fimbres Moreno,38208,Los Niños en la pantalla,"Vandromme, Pol",PN1995.9.C5 V36 1960,AC,literatura
Tijuana-Luis Fimbres Moreno,38216,"Para Comprender el teatro actual ; cine, teatro y television","Wright, Edward A.",PN2037 W75 1962,AC,bellas artes
Tijuana-Luis Fimbres Moreno,38382,Ensayos sobre teatro hispanoamericano,"Dauster, Frank",PN2309 D28 1975,AC,bellas artes
Tijuana-Luis Fimbres Moreno,38321,Las Afinidades electivas,"Goethe, Juan Wolfgang",PN35 G64 1973,AC,filosofia
Tijuana-Luis Fimbres Moreno,38232,Los Ultimos días de Pompeya,"Lytton, Edward Bulwer",PN35 L98 1970,AC,literatura
Tijuana-Luis Fimbres Moreno,37298,El Régimen legal de la prensa en México,"Castaño, Luis",PN4748.M4 C37 1962,AC,lengua y literatura
Tijuana-Luis Fimbres Moreno,37296,Introducción al periodismo,"Fraser, Bond F.",PN4775 B66 1965,AC,lengua y literatura
Tijuana-Luis Fimbres Moreno,38422,A ustedes les consta,NA,PN4968 A7 1980,AC,literatura
Tijuana-Luis Fimbres Moreno,38283,Literatura universal,"Montes de Oca, Francisco",PN594 M66 1987,AC,literatura
Tijuana-Luis Fimbres Moreno,38281,Antología de la novela corta universal v.I,NA,PN6054 R43 1977,AC,literatura
Tijuana-Luis Fimbres Moreno,38282,Antología de la novela corta universal v.III,NA,PN6054 R43 1977,AC,literatura
Tijuana-Luis Fimbres Moreno,38217,Cervantes o la crítica de la lectura,"Fuentes, Carlos",PN710 F84 1976,AC,bellas artes
Tijuana-Luis Fimbres Moreno,37336,Los Moralistas modernos,"Zolla, Elémire",PN775 Z65 1962,AC,lenguaje y literatura
Tijuana-Luis Fimbres Moreno,38334,"Comedias; tartufo, el burgués gentilhombre, el misántropo el enfermo imaginario",Moliere,PQ1823 M65 1973,AC,literatura
Tijuana-Luis Fimbres Moreno,38335,"Teatro completo I; la tebaida o los hermanos enemigos, alejandro el grande,","Racine, Jean",PQ1888.E8 R33 1958,AC,literatura
Tijuana-Luis Fimbres Moreno,38336,"Teatro completo II; bayaceto, mitríades, ifigenia, fedra,ester, atalía","Racine, Jean",PQ1888.E8 R33 1958,AC,literatura
Tijuana-Luis Fimbres Moreno,38231,Las Relaciones peligrosas,"Laclos, Choderlos de",PQ1993.L22 L23 1970,AC,literatura
Tijuana-Luis Fimbres Moreno,37354,Escritos filosóficos y políticos,"Sade,",PQ2063 S33 1969,AC,filosofia
Tijuana-Luis Fimbres Moreno,38222,Diario íntimo (1839-1850),"Amiel, Henri-Frederic",PQ2152 A45 1968,AC,literatura
Tijuana-Luis Fimbres Moreno,38223,Lirio del valle,"Balzac, Honoré de,",PQ2162.E8 B35 1966,AC,literatura
Tijuana-Luis Fimbres Moreno,38227,Salambó,"Flaubert, Gustavo",PQ2246 F63 1964,AC,literatura
Tijuana-Luis Fimbres Moreno,38226,Madame Bovary,"Flaubert, Gustavo",PQ2246 M23 1969,AC,novela
Tijuana-Luis Fimbres Moreno,38228,"La Novela de una momia, una noche de Cleopatra","Gautier, Teófilo",PQ2258 G28 1965,AC,novela
Tijuana-Luis Fimbres Moreno,38230,Los Trabajadores del mar,"Hugo, Victor",PQ2289.T7 H84 1965,AC,literatura
Tijuana-Luis Fimbres Moreno,38233,Pedro y Juan,"Maupassant, Guy de",PQ2349 M38 1964,AC,literatura
Tijuana-Luis Fimbres Moreno,38341,Bel Ami,"Maupassant, Guy de",PQ2349 M38 1973,AC,literatura
Tijuana-Luis Fimbres Moreno,38339,Rojo y negro,Stendhal,PQ2435 S74 1973,AC,literatura
Tijuana-Luis Fimbres Moreno,38259,Poesías,"Verlaine, Paul",PQ2463 V47 1970,AC,poesia
Tijuana-Luis Fimbres Moreno,38332,Antología poética,"Verlaine, Paul",PQ2463 V47 1972,AC,literatura
Tijuana-Luis Fimbres Moreno,38242,Miguel Strogoff,"Verne, Jules,",PQ2469 V47 1965,AC,literatura
Tijuana-Luis Fimbres Moreno,38241,De la tierra a la luna,"Verne, Jules,",PQ2469.A8 V47 1966,AC,literatura
Tijuana-Luis Fimbres Moreno,38244,Cinco semanas en globo,"Verne, Jules,",PQ2469.E8 V47 1967,AC,literatura
Tijuana-Luis Fimbres Moreno,38342,Miguel Strogoff,"Verne, Jules,",PQ2469.M5 V47 1972,AC,literatura
Tijuana-Luis Fimbres Moreno,38243,La vuelta al mundo en 80 días,"Verne, Jules,",PQ2469.T6 V47 1967,AC,literatura
Tijuana-Luis Fimbres Moreno,38245,Viaje al centro de la tierra,"Verne, Jules,",PQ2469.V6 V47 1967,AC,literatura
Tijuana-Luis Fimbres Moreno,38246,La Ralea,"Zola, Emilio",PQ2499 Z65 1968,AC,literatura
Tijuana-Luis Fimbres Moreno,38247,Teresa Raquin,"Zola, Emilio",PQ2521.T3 Z65 1971,AC,literatura
Tijuana-Luis Fimbres Moreno,38248,El Vientre de París,"Zola, Emilio",PQ2524 Z65 1966,AC,literatura
Tijuana-Luis Fimbres Moreno,38337,Obras completas I,"Ionesco, Eugene",PQ2617.O6 I56 1973,AC,literatura
Tijuana-Luis Fimbres Moreno,38344,"Cuando enmudecen las sirenas= la máscara de carne= María, hija de Flandes","Meersch, Maxence Van der",PQ2625.E3 M47 1967,AC,literatura
Tijuana-Luis Fimbres Moreno,38345,Cuerpos y almas,"Meersch, Maxence Van der",PQ2627.E3 M47 1968,AC,literatura
Tijuana-Luis Fimbres Moreno,38346,Los Caminos de la libertad I,"Sartre, Jean-Paul,",PQ2637.A82 S37 1973,AC,literatura
Tijuana-Luis Fimbres Moreno,38349,Las Manos sucias kean,"Sartre, Jean-Paul,",PQ2637.A82 S37 1973,AC,literatura
Tijuana-Luis Fimbres Moreno,38338,"Las Moscas, Nekrasov","Sartre, Jean-Paul,",PQ2637.A82 S37 1975,AC,literatura
Tijuana-Luis Fimbres Moreno,38347,Los Caminos de la libertad III,"Sartre, Jean-Paul,",PQ2637.A82 S37 1975,AC,literatura
Tijuana-Luis Fimbres Moreno,38350,La Nausea,"Sartre, Jean-Paul,",PQ2637.A82 S37 1975,AC,literatura
Tijuana-Luis Fimbres Moreno,38352,Historia de la literatura Italiana,"Vossler, Karl",PQ4041 V67 1951,AC,literatura
Tijuana-Luis Fimbres Moreno,38221,Corazón ; (diario de un niño),"Amicis, Edmundo de",PQ4683.A3 A45 1964,AC,literatura
Tijuana-Luis Fimbres Moreno,38354,Los Novios ; historia milanesa del siglo XVII,"Manzoni, Alejandro",PQ4713 M3618 1973,AC,historia literatura
Tijuana-Luis Fimbres Moreno,38357,Vida en familia,"Guareschi, Giovanni",PQ4817.U37 G8318 1971,AC,literatura
Tijuana-Luis Fimbres Moreno,38358,El General de la Rovere y otros héroes,"Montanelli, Indro",PQ4829.O57 M6618 1970,AC,literatura
Tijuana-Luis Fimbres Moreno,38353,Obras,"Papini, Giovanni",PQ4835.A27 P37 1971,AC,literatura
Tijuana-Luis Fimbres Moreno,38363,Literatura española y mexicana,"Valdés Becerril, Francisco",PQ6013 V35 1968,AC,historia
Tijuana-Luis Fimbres Moreno,38360,Historia de la literatura española e historia de la literatura mexicana,"Díaz-Plaja, Guillermo,",PQ6037 D53 1983,AC,historia literatura
Tijuana-Luis Fimbres Moreno,38372,La Literatura española,"Torri, Julio",PQ6037 T67 1974,AC,literatura
Tijuana-Luis Fimbres Moreno,38370,Prosa vanguardista en la generación del 27 (gecé y la gaceta literaria),"Hernando, Miguel Angel.",PQ6072 H47 1975,AC,poesia
Tijuana-Luis Fimbres Moreno,38367,La generación del 98,"Molina Fernández, Antonio",PQ6073 M65 1968,AC,literatura
Tijuana-Luis Fimbres Moreno,38378,Historia del teatro español 2 siglo XX,"Ruiz Ramón, Francisco",PQ6090 R85 1971,AC,literatura historia
Tijuana-Luis Fimbres Moreno,38377,"Historia del teatro español, I (Desde sus orígenes hasta 1900)","Ruiz Ramón, Francisco",PQ6099 R85 1971,AC,literatura historia
Tijuana-Luis Fimbres Moreno,38211,Interpretando la comedia,"Hesse, Everett W.",PQ6105 H47 1977,AC,literatura
Tijuana-Luis Fimbres Moreno,38271,Guzmán de alfarache criado del rey Felipe III nuestro señory natural vecino de sevilla I,"Alemán, Mateo",PQ6272 A44 1968,AC,literatura
Tijuana-Luis Fimbres Moreno,38272,Guzmán de alfarache atalaya de la vida humana II,"Alemán, Mateo",PQ6272 A44 1968,AC,literatura
Tijuana-Luis Fimbres Moreno,38384,Guzmán de Alfarache,"Alemán, Mateo",PQ6272 A44 1976,AC,literatura
Tijuana-Luis Fimbres Moreno,38250,"El Alcalde de zalamea, la vida es sueño","Calderón de la Barca, Pedro,",PQ6282 C35 1964,AC,literatura
Tijuana-Luis Fimbres Moreno,38385,El Ingenioso Hidalgo Don Quijote de la Mancha,"Cervantes Saavedra, Miguel de,",PQ6323.A5 C47 1977,AC,literatura
Tijuana-Luis Fimbres Moreno,38261,"La Ruta de don quijote, castilla",Azorín (José Martínez Ruiz),PQ6352 M37 1970,AC,ciencia
Tijuana-Luis Fimbres Moreno,38273,Poemas de,"Berceo, Gonzalo de",PQ6397 B47 1969,AC,poesia
Tijuana-Luis Fimbres Moreno,38257,"Poesías, el cantar de los cantares, la perfecta casada","Luis de León, Fray",PQ6410.L3 L46 1967,AC,poesia
Tijuana-Luis Fimbres Moreno,38258,Poesías completas,"Manrique, Jorge",PQ6412 M36 1968,AC,poesia
Tijuana-Luis Fimbres Moreno,38279,"Arcipreste de talavera corvacho, o reprobación del amor mundano","Martínez de Toledo, Alfonso",PQ6412 M37 1968,AC,literatura
Tijuana-Luis Fimbres Moreno,38277,La Pícara Justina,"López de Ubeda, Francisco",PQ6420 L67 1968,AC,literatura
Tijuana-Luis Fimbres Moreno,38236,Historia de la vida del buscón,"Quevedo, Francisco de,",PQ6422 Q48 1970,AC,literatura
Tijuana-Luis Fimbres Moreno,38387,La Vida del buscon llamado Don Pablos,"Quevedo, Francisco de,",PQ6422 Q48 1971,AC,literatura
Tijuana-Luis Fimbres Moreno,38256,La Celestina tragicomedia de Calixto y Melibea,"Rojas, Fernando de",PQ6426 R65 1965,AC,teatro
Tijuana-Luis Fimbres Moreno,38380,La Celestina,"Rojas, Fernando de",PQ6426 R65 1992,AC,literatura
Tijuana-Luis Fimbres Moreno,38373,Libro de buen amor,Arcipreste De Hita (Juan Ruiz),PQ6430.3 R87 1967,AC,ensayo
Tijuana-Luis Fimbres Moreno,38255,"El Vergonzoso en Palacio, El burlador de Sevilla","Molina, Tirso de",PQ6434 M65 1968,AC,teatro
Tijuana-Luis Fimbres Moreno,38426,La Grandeza mexicana y compendio apologético en alabanza de lapoesía,"Balbuena, Bernardo de.",PQ6437.V2 B35 1971,AC,historia
Tijuana-Luis Fimbres Moreno,38389,El Escándalo,"Alarcón, Pedro A. de",PQ6502 A43 1969,AC,literatura
Tijuana-Luis Fimbres Moreno,38374,Antología,"Bécquer, Gustavo Adolfo,",PQ6503 B43 1970,AC,literatura
Tijuana-Luis Fimbres Moreno,38398,Articulos,"Larra, Mariano José de",PQ6533 L37 1967,AC,literatura
Tijuana-Luis Fimbres Moreno,38383,"Teatro ; la lozana Andaluza, de un momento a otro, noche deguerra, en el museo del Prado","Alberti, Rafael.",PQ6601.L2 A53 1964,AC,literatura
Tijuana-Luis Fimbres Moreno,38390,La Busca,"Baroja, Pío",PQ6603.A7 B37 1971,AC,lengua
Tijuana-Luis Fimbres Moreno,38390,La Busca,"Baroja, Pío",PQ6603.A7 B37 1971,AC,lengua
Tijuana-Luis Fimbres Moreno,38249,"Los Intereses creados, señora ama, la malquerida","Benavente, Jacinto",PQ6603.E6 B46 1969,AC,literatura
Tijuana-Luis Fimbres Moreno,38365,Juventud del 98,"Blanco Aguinaga, Carlos.",PQ6603.L15 B43 1970,AC,ciencia
Tijuana-Luis Fimbres Moreno,38393,Fugitivos,"Gironella, José María",PQ6613.I88 G57 1970,AC,literatura
Tijuana-Luis Fimbres Moreno,38394,Platero y yo,"Jiménez, Juan Ramón.",PQ6619.I4 J56 1973,AC,literatura
Tijuana-Luis Fimbres Moreno,38392,Tiempos y cosas,Azorín (José Martínez Ruiz),PQ6623.A816 M37 1970,AC,literatura
Tijuana-Luis Fimbres Moreno,38234,Troteras y danzaderas,"Pérez de Ayala, Ramón",PQ6629.E64 P47 1966,AC,literatura
Tijuana-Luis Fimbres Moreno,38376,Todo más claro y otros poemas,"Salinas, Pedro",PQ6635 S25 1971,AC,poesia
Tijuana-Luis Fimbres Moreno,38395,El Valle Inclán que yo conocí y otros ensayos,"Pina, Francisco",PQ6641.A47 P56 1969,AC,literatura
Tijuana-Luis Fimbres Moreno,38391,Historias de Plinio,"García Pavón, F.",PQ6673.A7666 G37 1971,AC,ciencia
Tijuana-Luis Fimbres Moreno,925802,Nosotros en la luna,"Kellen, Alice,",PQ6711.E55 N67 2021,AC,lengua y literatura
Tijuana-Luis Fimbres Moreno,38364,Historia de la literatura hispanoamericana I-II,"Anderson Imbert, Enrique",PQ7081 A53 1970,AC,historia
Tijuana-Luis Fimbres Moreno,38359,El Postmodernismo,"Corvalan, Octavio",PQ7081 C67 1961,AC,literatura
Tijuana-Luis Fimbres Moreno,38366,Las Corrientes literarias en la América Hispánica,"Henríquez Ureña, Pedro",PQ7081 H46 1978,AC,literatura
Tijuana-Luis Fimbres Moreno,38369,Breve historia del modernismo,"Henríquez Ureña, Max",PQ7081 H46 1978,AC,literatura
Tijuana-Luis Fimbres Moreno,38371,Historia de la literatura hispanoamericana el período colonial (1492-1780),"Lazo, Raimundo",PQ7081 L29 1983,AC,historia literatura
Tijuana-Luis Fimbres Moreno,38362,Unidad y diversidad de la literatura latinoamericana,"Martínez, José Luis",PQ7081 M37 1972,AC,ciencia literatura
Tijuana-Luis Fimbres Moreno,38361,Estudios de literatura hispanoamericana contemporánea,Claude Fell.,PQ7081.A1 F45 1976,AC,ensayo literatura
Tijuana-Luis Fimbres Moreno,38419,Literatura mexicana,"Millan, María Del Carmen",PQ7111 M55 1962,AC,literatura
Tijuana-Luis Fimbres Moreno,38421,Literatura hispanomexicana,"Torres Montalvo, Herculano A.",PQ7111 T67 1967,AC,literatura
Tijuana-Luis Fimbres Moreno,38368,Historia de la literatura en México,"Valenzuela Rodarte, Alberto",PQ7111 V35 1961,AC,historia literatura
Tijuana-Luis Fimbres Moreno,38420,Cinco estudios sobre literatura mexicana moderna,"Phillips, Allen W.",PQ7114 P35 1974,AC,literatura
Tijuana-Luis Fimbres Moreno,37923,El Lenguaje en la frontera,"Bayardo Gómez, Patricio",PQ7127 B39 1975,AC,literatura
Tijuana-Luis Fimbres Moreno,38443,"Poesía en movimiento México, 1915-1966",NA,PQ7258 P39 1978,AC,literatura
Tijuana-Luis Fimbres Moreno,38441,Siete poetas jóvenes de Tijuana,NA,PQ7291.B35 I26 1974,AC,literatura
Tijuana-Luis Fimbres Moreno,38435,Canto y renuevos,NA,PQ7291.B35 I57 1976,AC,literatura
Tijuana-Luis Fimbres Moreno,38423,Obras completas,"Juana Inés de la Cruz,",PQ7296 J83 1975,AC,literatura
Tijuana-Luis Fimbres Moreno,38427,Obras Escogidas,"Juana Inés de la Cruz,",PQ7296 J83 1980,AC,literatura
Tijuana-Luis Fimbres Moreno,38431,Bestiario,"Arreola, Juan José",PQ7297 A77 1981,AC,lengua
Tijuana-Luis Fimbres Moreno,38428,Poesías completas,"Díaz Mirón, Salvador,",PQ7297 D53 1972,AC,literatura
Tijuana-Luis Fimbres Moreno,38444,Obras; II - teatro,"Fernández de Lizardi, José Joaquín",PQ7297 F37 1965,AC,literatura
Tijuana-Luis Fimbres Moreno,38432,Los Cien mejores poemas de,"González Martínez, Enrique",PQ7297 G66 1970,AC,literatura
Tijuana-Luis Fimbres Moreno,38295,Pepe Ruiz ; la vida de un mexicano nacido en Estados Unidos,"Holguín Lujan, Juan",PQ7297 H65 1971,AC,agricultura
Tijuana-Luis Fimbres Moreno,38429,Poesías completas y el minutero,"López Velarde, Ramón",PQ7297 L67 1957,AC,lengua
Tijuana-Luis Fimbres Moreno,38442,Baja California !hermosa alegría o paloma joven!,"Villegas García, Jesús Gerardo",PQ7297 V55 1976,AC,literatura
Tijuana-Luis Fimbres Moreno,38278,Epigramas,"Marcial, Marco Valerio",PQ7297.D5452 M27 1969,AC,literatura
Tijuana-Luis Fimbres Moreno,38440,Obra poética de,"Reyes, Alfonso,",PQ7297.R386 R49 1952,AC,literatura
Tijuana-Luis Fimbres Moreno,38434,Al enemigo del Quijote,"Gutiérrez Sotomayor, Manuel",PQ7298.17 G88 1965,AC,literatura
Tijuana-Luis Fimbres Moreno,38433,Ecos circundantes,"Gutiérrez Sotomayor, Manuel",PQ7298.17 G88 1973,AC,ciencia
Tijuana-Luis Fimbres Moreno,38436,Orquidea de luz ; poema,"Lope Avila, Francisco Rafael",PQ7298.22 L67 1975,AC,literatura
Tijuana-Luis Fimbres Moreno,38437,Del solar y para el solar Sinaloense,"Millán Peraza, Miguel Angel",PQ7298.26 M55 1966,AC,literatura
Tijuana-Luis Fimbres Moreno,38438,Rosas y laureles para Calafia,"Millán Peraza, Miguel Angel",PQ7298.26 M55 1971,AC,lengua
Tijuana-Luis Fimbres Moreno,924320,El anillo de César,"García Esperón, María",PQ7298.417.A7334 A55 2014,CI,novela
Tijuana-Luis Fimbres Moreno,38407,Tres tristes tigres,"Cabrera Infante, Guillermo",PQ7389.C24 C33 1975,AC,poesia
Tijuana-Luis Fimbres Moreno,38408,Concierto barroco,"Carpentier, Alejo",PQ7389.C263 C37 1974,AC,teatro
Tijuana-Luis Fimbres Moreno,37665,De Martí a Castro,"Martí, José",PQ7389.M2 D4 1970,AC,literatura
Tijuana-Luis Fimbres Moreno,38214,Concepto de la poesía y otros ensayos,"Portuondo, José Antonio",PQ7389.P66 P67 1974,AC,literatura
Tijuana-Luis Fimbres Moreno,38416,El Papa verde,"Asturias, Miguel Angel",PQ7499.A75 A78 1971,AC,lengua y literatura
Tijuana-Luis Fimbres Moreno,38417,Torotumbo; la audiencia de los confines mensajes indios,"Asturias, Miguel Angel",PQ7499.A75 A88 1972,AC,lengua y literatura
Tijuana-Luis Fimbres Moreno,38274,Poesías y cuentos,"Darío, Rubén",PQ7519 D37 1969,AC,poesia
Tijuana-Luis Fimbres Moreno,38405,Alrededor de la jaula,"Conti, Haroldo.",PQ7788.I305 C66 1967,AC,literatura
Tijuana-Luis Fimbres Moreno,38404,Cortázar ; la novela mandala,"Amestoy, Lida Aronne.",PQ7797 A44 1972,AC,novela
Tijuana-Luis Fimbres Moreno,38400,Hernandismo y Martinfierrismo,"Giménez Vega, Elías S.",PQ7797.H3 G56 1975,AC,lengua
Tijuana-Luis Fimbres Moreno,38402,Sangre en el lumbral,"Wast, Hugo.",PQ7797.M36 W37 1963,AC,novela
Tijuana-Luis Fimbres Moreno,38403,La Corbata celeste,"Wast, Hugo.",PQ7797.M36 W37 1964,AC,novela
Tijuana-Luis Fimbres Moreno,38401,Martín Fierro,"Hernández, José.",PQ7997.H3 H47 1976,AC,ciencias sociales
Tijuana-Luis Fimbres Moreno,38412,Cien años de soledad,"García Márquez, Gabriel",PQ8179.G35 G37 1971,AC,literatura
Tijuana-Luis Fimbres Moreno,38410,María,"Isaacs, Jorge.",PQ8179.I8 I73 1976,AC,literatura
Tijuana-Luis Fimbres Moreno,38413,El Otoño del patriarca,"García Márquez, Gabriel",PQ8180.17.A73 G37 1975,AC,literatura
Tijuana-Luis Fimbres Moreno,38415,"El Chulla, Romero y Flores","Icaza, Jorge.",PQ8219.12 I23 1971,AC,lengua
Tijuana-Luis Fimbres Moreno,38414,Sanatorio para nerviosos y el asno de oro,"Viga, Diego.",PQ8220.32 V54 1967,AC,lengua
Tijuana-Luis Fimbres Moreno,38406,El Desierto,"Quiroga, Horacio",PQ8519.Q5 Q57,AC,cuento
Tijuana-Luis Fimbres Moreno,38399,Los Lusiadas,"Camoens, Luis de.",PQ9198 C36 1952,AC,literatura
Tijuana-Luis Fimbres Moreno,38310,Elizabethan drama,"Marlowe, Christopher",PR1263 M37 1938,AC,literatura
Tijuana-Luis Fimbres Moreno,37504,Ensayos,"Bacon, Francis",PR2206.E67 B33 1974,AC,lenguaje y literatura
Tijuana-Luis Fimbres Moreno,37504,Ensayos,"Bacon, Francis",PR2206.E67 B33 1974,AC,lenguaje y literatura
Tijuana-Luis Fimbres Moreno,38311,Hamlet ; Penas por amor perdidas; Los dos hidalgos de Verona; Sueño de una noche de verano; Romeo y Julieta,"Shakespeare, William,",PR2794.O6 S5318 1975,AC,literatura
Tijuana-Luis Fimbres Moreno,38313,Ivanhoe,"Scott, Walter",PR5318.A66 S26 1973,AC,novela
Tijuana-Luis Fimbres Moreno,38314,La importancia de llamarse Ernesto ; El abanico de lady Windermere ; Una mujer sin importancia ; Un marido ideal ; Salomé,"Wilde, Oscar",PR5818 W55 1973,AC,novela
Tijuana-Luis Fimbres Moreno,38320,Las Colinas huecas,"Stewart, Mary",PR6037.T4838 S74 1974,AC,literatura
Tijuana-Luis Fimbres Moreno,38224,El Ultimo mohicano,"Cooper, James Fenimore",PS1408 C66 1971,AC,literatura
Tijuana-Luis Fimbres Moreno,38229,La Madre,"Gorki, Máximo",PS3503.V198 G67 1970,AC,literatura
Tijuana-Luis Fimbres Moreno,38297,Los Centinelas,"McBain, Ed.",PS3515.U583 M3318 1966,AC,lengua
Tijuana-Luis Fimbres Moreno,38289,Antes de Adan,"London, Jack",PS3523.O46 L66 1973,AC,literatura
Tijuana-Luis Fimbres Moreno,38290,Mihailo,"Pala, Dolores",PS3531.53 P35 1975,AC,literatura
Tijuana-Luis Fimbres Moreno,38302,Mumbo jumbo,"Reed, Ishmael",PS3535.E43 R44 1975,AC,agricultura
Tijuana-Luis Fimbres Moreno,38305,Cuando ella era buena,"Roth, Philip",PS3535.O84 R68 1975,AC,literatura
Tijuana-Luis Fimbres Moreno,38307,La Espada y bisturi,"Slaughter, Frank G.",PS3537 S5318 1964,AC,lengua
Tijuana-Luis Fimbres Moreno,38308,La Perla,"Steinbeck, John",PS3537.T44 S74 1972,AC,agricultura
Tijuana-Luis Fimbres Moreno,38291,En la calida noche,"Ball, John",PS3552 B35 1973,AC,literatura
Tijuana-Luis Fimbres Moreno,38296,El Adorador de serpientes,"Laxalt, Robert",PS3562 L3918 1966,AC,agricultura
Tijuana-Luis Fimbres Moreno,38298,Greta,"Mallín, Maurice",PS3567.A43 M384 1971,AC,agricultura
Tijuana-Luis Fimbres Moreno,38252,Fausto,"Goethe, Juan Wolfgang",PT2029.E7 G6418 1967,AC,literatura
Tijuana-Luis Fimbres Moreno,38328,Hermann Lauscher ; Viaje al oriente,"Hesse, Hermann",PT2617.E85 H47 1971,AC,literatura
Tijuana-Luis Fimbres Moreno,38326,Sidharta,"Hesse, Hermann",PT2617.E85 S5218 1979,AC,novela
Tijuana-Luis Fimbres Moreno,38329,"La Muerte en Venecia, las tablas de la ley","Mann, Thomas",PT2625.A44 M3618 1972,AC,literatura
Tijuana-Luis Fimbres Moreno,38303,Sin novedad en el frente,"Remarque, Erich María",PT2635.E68 R46 1967,AC,lengua
Tijuana-Luis Fimbres Moreno,38253,"Casa de muñecas, los Espectros, El pato salvaje","Ibsen, Henrik",PT8861.I37 C3818 1969,AC,literatura
Tijuana-Luis Fimbres Moreno,37927,La Ciencia en México,"Cañedo, Luis, comp.",Q127.M4 C54 1976,AC,ciencia
Tijuana-Luis Fimbres Moreno,37928,La Ciencia en la historia de México,"Gortari, Elí de,",Q127.M4 G67 1980,AC,ciencia
Tijuana-Luis Fimbres Moreno,37435,La perspectiva científica,"Russell, Bertrand",Q158 R87 1981,AC,ciencia
Tijuana-Luis Fimbres Moreno,37530,El Ascenso del hombre,"Bronowski, J.",Q175 B76 1979,AC,ciencia
Tijuana-Luis Fimbres Moreno,37640,Dialéctica de la naturaleza,"Engels, Friedrich,",Q175 E54 1961,AC,ciencia
Tijuana-Luis Fimbres Moreno,37349,Doctrina de la ciencia,"Fichte, Johann Gottlieb",Q175 F53 1975,AC,ciencia
Tijuana-Luis Fimbres Moreno,37926,Siete ensayos filosóficos sobre la ciencia moderna,"Gortari, Elí de,",Q175 G67 1969,AC,ciencia
Tijuana-Luis Fimbres Moreno,37605,La Estructura de los revoluciones científicas,"Kuhn, Thomas S.",Q175 K84 1971,AC,historia
Tijuana-Luis Fimbres Moreno,37325,Método e hipótesis científicos,"López Cano, José Luis",Q175 L67 1978,AC,ciencia
Tijuana-Luis Fimbres Moreno,37324,La Objetividad y las ciencias; enfoque histórico-epistemológico,"Serrano, Jorge A.",Q175 S47 1981,AC,ciencia
Tijuana-Luis Fimbres Moreno,37327,"Leyes, teorías y modelos","Yurén Camarena, María Teresa",Q175 Y87 1980,AC,ciencia
Tijuana-Luis Fimbres Moreno,37303,El pensamiento científico (antología),"Padilla, Hugo, selección",Q175.A8 P33 1974,AC,ciencia
Tijuana-Luis Fimbres Moreno,37302,La ciencia,"Kedrov, M.B.",Q1751 K43 1968,AC,ciencia
Tijuana-Luis Fimbres Moreno,37282,Manual para elaborar trabajos de investigación documental,"Baena Paz, Guillermina",Q180.A1 B34 1993,AC,investigacion ciencia
Tijuana-Luis Fimbres Moreno,37292,"Teoría general de los sistemas; fundamentos, desarrollo, aplicaciones","Bertalanffy, Ludwig von",Q295 B47 1976,AC,ciencia
Tijuana-Luis Fimbres Moreno,37703,Estadística general aplicada,"Zuwaylif, Fadil H.,",QA 276 Z8918 1977,AC,ciencia
Tijuana-Luis Fimbres Moreno,37962,Cálculo diferencial e integral,"Granville, William Anthony",QA 303 G7318,AC,ciencia
Tijuana-Luis Fimbres Moreno,37969,Métodos de integración,"Lara Aparicio, Miguel",QA11 L37 1975,AC,ciencia
Tijuana-Luis Fimbres Moreno,37946,Algebra,"Lehmann, Charles H.",QA154 L44 1975,AC,ciencia
Tijuana-Luis Fimbres Moreno,37949,Algebra y trigonometría plana,"Spitzbart, Abraham",QA154 S6518 1979,AC,ciencia
Tijuana-Luis Fimbres Moreno,37941,Conjuntos; aplicaciones matemáticas a la administración,"Kleiman, Ariel",QA248 K54 1972,AC,ciencia
Tijuana-Luis Fimbres Moreno,37951,Introducción al álgebra lineal,"Anton, Howard",QA251 A5818 1976,AC,ciencia
Tijuana-Luis Fimbres Moreno,37985,Introducción a la inferencia estadística,"Freeman, Harold",QA276 F744 1970,AC,ciencia
Tijuana-Luis Fimbres Moreno,37987,Diccionario de estadística,"Morice, E.",QA276.25 M66 1974,AC,ciencia
Tijuana-Luis Fimbres Moreno,37462,Diseño experimental sin estadística,"Castro, Luis",QA279 C37 1977,AC,ciencia estadistica
Tijuana-Luis Fimbres Moreno,37958,Cálculo con geometría analítica,"Johnson, R.E.",QA303 J6418 1978,AC,ciencia
Tijuana-Luis Fimbres Moreno,37931,Matemáticas universitarias,"Britton, Jack R.",QA37 B75 1968,AC,ciencia
Tijuana-Luis Fimbres Moreno,37937,Advanced engineering mathematics,"Kreyszig, Erwin",QA401 K74 1979,AC,ciencia
Tijuana-Luis Fimbres Moreno,37938,Matemáticas avanzadas para ingeniería I,"Kreyszig, Erwin",QA401 K7418 1977,AC,ciencia
Tijuana-Luis Fimbres Moreno,37972,Introducción a la geometría moderna,"Shively, Levi S.",QA473 S55 1961,AC,ciencia
Tijuana-Luis Fimbres Moreno,37982,Trigonometría plana y esférica; teoría y problemas,"Ayres, Frank",QA533 A97 1970,AC,ciencia
Tijuana-Luis Fimbres Moreno,37976,Trigonometría moderna,"Nichols, Eugene D.",QA533 N53 1978,AC,ciencia
Tijuana-Luis Fimbres Moreno,37977,Trigonometría plana,"Niles, Nathan O.",QA533 N5518 2006,AC,ciencia
Tijuana-Luis Fimbres Moreno,37978,Geometría analítica,"Fuller, Gordon",QA551 F85 1979,AC,ciencia
Tijuana-Luis Fimbres Moreno,37979,Geometría analítica plana y del espacio; teoría y problemas,"Kindle, Joseph H.",QA551 K56 1970,AC,ciencia
Tijuana-Luis Fimbres Moreno,37980,Geometría analítica,"Lehmann, Charles H.",QA551 L44 1959,AC,ciencia
Tijuana-Luis Fimbres Moreno,37981,Geometría analítica; con preguntas de repaso y respuestas,"Oakley, C.O.",QA551 O35 1979,AC,ciencia
Tijuana-Luis Fimbres Moreno,37940,Lógica matemática /,"Ferrater Mora, José",QA9.L65 F47 1975,AC,ciencia
Tijuana-Luis Fimbres Moreno,38018,La Paciente historia del átomo,"Marmasse, Claude",QC173 M37 1975,AC,ciencia
Tijuana-Luis Fimbres Moreno,38001,Física,"Stollberg, Robert",QC21 S76 1980,AC,ciencia
Tijuana-Luis Fimbres Moreno,38007,Física,"González Cabrera, Víctor M.",QC21.2 G66 1971,AC,ciencia
Tijuana-Luis Fimbres Moreno,37995,Introducción a la física II; acústica-optica electromagnetismo,"Alonso, Marcelo",QC23 A56 1975,AC,ciencia
Tijuana-Luis Fimbres Moreno,38010,Física fundamental,"Orear, Jay",QC23 O7418 1977,AC,ciencia
Tijuana-Luis Fimbres Moreno,37998,Física recreativa; v.II,"Perelman, Yakov",QC25 P4718 1980,AC,ciencia
Tijuana-Luis Fimbres Moreno,38031,Química analítica cuantitativa I-II,"Flaschka, H.A.",QD110 F53 1973,AC,ciencia
Tijuana-Luis Fimbres Moreno,38034,Experimentos de química orgánica,"Domínguez S., Xorge Alejandro",QD261 D66 1966,AC,ciencia
Tijuana-Luis Fimbres Moreno,38019,Chemistry,"Choppin, Gregory R.",QD35 C46 1978,AC,ciencia
Tijuana-Luis Fimbres Moreno,38027,Introducción al estudio químico de la materia,"Orozco, Ma. Eugenia",QD40 O76 1976,AC,ciencia
Tijuana-Luis Fimbres Moreno,38020,Química elemental,"Lewis, John R.",QD41 L49 1979,AC,ciencia
Tijuana-Luis Fimbres Moreno,38025,Experimentos de química,"Villarreal, Fidel",QD43 V55 1975,AC,ciencia
Tijuana-Luis Fimbres Moreno,38075,"Herencia, raza y sociedad","Dunn, L.C.",QD431 D86 1971,AC,ciencia
Tijuana-Luis Fimbres Moreno,38030,Análisis cualitativo y química inorgánica,"Nordmann, Joseph",QD83 N67 1979,AC,ciencia
Tijuana-Luis Fimbres Moreno,38040,Petrografía microscópica,"Heinrich, E. WM.",QE434 H45 1960,AC,ciencia
Tijuana-Luis Fimbres Moreno,38069,Tratado de ecología,"Turk, Amos",QH 541 T87 1981,AC,ciencia
Tijuana-Luis Fimbres Moreno,38052,Biología; diversidad del mundo vivo y sus causas,NA,QH315 G88 1975,AC,ciencia
Tijuana-Luis Fimbres Moreno,38043,El Origen de la vida /,Oparin A.,QH325 O63 1978,AC,ciencia
Tijuana-Luis Fimbres Moreno,38049,"Materia, energía y vida; introducción para los estudiantes de biología","Baker, Jeffrey J.W.",QH345 B35 1976,AC,ciencia
Tijuana-Luis Fimbres Moreno,38045,El Origen del hombre,"Darwin, Carlos",QH365 D37 1978,AC,ciencia
Tijuana-Luis Fimbres Moreno,38047,El mono desnudo,"Morris, Desmond",QH368 D47 1972,AC,ciencia
Tijuana-Luis Fimbres Moreno,37467,Hombre y evolución,"Lewis, John",QH368 L4918 1968,AC,ciencia
Tijuana-Luis Fimbres Moreno,38074,Darwin y el Darvinismo,"Prenant, Marcel",QH369 P74 1969,AC,ciencia
Tijuana-Luis Fimbres Moreno,38041,La Vida inverosimil; introducción a la biología actual,"Woltereck, Heinz",QH370 W65 1978,AC,ciencia
Tijuana-Luis Fimbres Moreno,38102,Una Corporación y una molecula,NA,QH505 C67 1967,AC,ciencia
Tijuana-Luis Fimbres Moreno,38059,Bionergética,"Lehninger, Albert L.",QH511 L44 1975,AC,ciencia
Tijuana-Luis Fimbres Moreno,38061,Elementos de ecología,"Clarke, George L.",QH541 C53 1971,AC,ciencia
Tijuana-Luis Fimbres Moreno,38062,Introducción a la ecología :,"Colinvaux, Paul A.",QH541 C65 1980,AC,ciencia
Tijuana-Luis Fimbres Moreno,38063,Ecología y biología de poblaciones,"Emmel, Thomas C.",QH541 E46 1975,AC,ciencia
Tijuana-Luis Fimbres Moreno,38064,Antología ecológica,"Gómez-Pompa, Arturo",QH541 G66 1976,AC,ciencia
Tijuana-Luis Fimbres Moreno,38065,El Reto de la ecología,"Kucera, Clair L.",QH541 K83 1978,AC,ciencia
Tijuana-Luis Fimbres Moreno,38066,Ecología,"Odum, Eugene P.",QH541 O38 1980,AC,ciencia
Tijuana-Luis Fimbres Moreno,38068,"Ecología, hoy; el hombre y su medio","Terradas, Jaime",QH541 T47 1979,AC,ciencia
Tijuana-Luis Fimbres Moreno,38265,La Vida de las abejas la vida de las hormigas,"Maeterlinck, Maurice",QL 568. A6 M34 1965,AC,ciencia
Tijuana-Luis Fimbres Moreno,37395,Biología de la conducta,"Sommers, Peter Van",QL751 V3618 1976,AC,psicologia
Tijuana-Luis Fimbres Moreno,38084,The Skeleton ; fantastic framework,"Goldberg, Kathy E.",QM 101 G65 1982,AC,ciencia
Tijuana-Luis Fimbres Moreno,38079,Anatomía humana; texto programado,NA,QM 23. 2 M43 1978,AC,ciencia
Tijuana-Luis Fimbres Moreno,38086,El Sistema nervioso; curso programado anatomía y fisiología,"Brady, Robert J.",QM451 B73 1979,AC,ciencia
Tijuana-Luis Fimbres Moreno,38096,The Eye; window to the world,"Wertenbaker, Leal",QP 475. 5 W47 1981,AC,ciencia
Tijuana-Luis Fimbres Moreno,38089,The Heart; the living pump,"Davis, Goode P.",QP111.4 D38 1981,AC,ciencia
Tijuana-Luis Fimbres Moreno,38090,"Nutrición, metabolismo y equilibrio hidroelectrolitico","Brady, Robert J.",QP171 B7318 1978,AC,ciencia
Tijuana-Luis Fimbres Moreno,38264,Física del amor,"Gourmont, Remy de",QP251 G68 1967,AC,ciencia
Tijuana-Luis Fimbres Moreno,38091,Reproduccion,"Jensen, Karen",QP251 J46 1982,AC,ciencia
Tijuana-Luis Fimbres Moreno,38093,Muscles; the magic of motion,"Selim, Robert D.",QP303 S45 1982,AC,ciencia
Tijuana-Luis Fimbres Moreno,37438,Psicología fisiológica,"Blundell, John",QP360 B58 1978,AC,ciencia
Tijuana-Luis Fimbres Moreno,38095,The Brain ; mystery of matter and mind,"Fincher, Jack",QP376 F56 1981,AC,ciencia
Tijuana-Luis Fimbres Moreno,38094,Skin ; the human fabric,"Podolsky, Doug M.",QP88.5 P63 1982,AC,ciencia
Tijuana-Luis Fimbres Moreno,38088,Blood,"Page, Jake",QP91 P34 1981,AC,ciencia
Tijuana-Luis Fimbres Moreno,38058,El mecanismo de la vida,"Popovsky, Alejandro",R534.A1 P67 1968,AC,medicina
Tijuana-Luis Fimbres Moreno,38209,Aerobics; ejercicios aeróbicos,"Cooper, Kenneth H.",RA781 C66 1978,AC,medicina
Tijuana-Luis Fimbres Moreno,38210,Aerobics para mujeres,"Cooper, Mildred",RA781 C66 1979,AC,medicina
Tijuana-Luis Fimbres Moreno,38098,Higiene mental; dinámica del ajuste psíquico,"Carroll, Herbert A.",RA790 C3718 1972,AC,medicina
Tijuana-Luis Fimbres Moreno,38100,Higiene mental,"Lemkau, Paul V.",RA790 L46 1953,AC,medicina
Tijuana-Luis Fimbres Moreno,38137,Cómo ayudar a la gente,"Wittenberg, Rudolph M.",RA790 W58 1975,AC,medicina
Tijuana-Luis Fimbres Moreno,38107,Psiquiatría clínica moderna,"Kolb, Lawrence C.",RC 454 K6518 1976,AC,medicina
Tijuana-Luis Fimbres Moreno,38123,Manual de medicina del deporte,"Guillet, Rene",RC1210 G85 1975,AC,medicina
Tijuana-Luis Fimbres Moreno,60397,Executive functions :,"Barkley, Russell A.,",RC386.6.N48 B37 2012,AC,medicina
Tijuana-Luis Fimbres Moreno,38121,Historia de la psiquiatría en México,"Somolinos D``Ardois, Germán",RC438 S66 1976,AC,medicina
Tijuana-Luis Fimbres Moreno,38112,Introducción al análisis transaccional; los juegos psicológicos,NA,RC454 I58 1975,AC,medicina
Tijuana-Luis Fimbres Moreno,37441,Introducción a la psicopatología,"Wolff, Werner",RC454 W65 1982,AC,medicina
Tijuana-Luis Fimbres Moreno,38110,Terapia del comportamiento,"Yates, Aubrey J.",RC489.B4 Y38 1973,AC,medicina
Tijuana-Luis Fimbres Moreno,37392,De la emoción a la lesión ; estructura del proceso psicosomático,"Diez Benavides, Mariano",RC49 D54 1976,AC,medicina
Tijuana-Luis Fimbres Moreno,37445,Psicología médica,"Fuente Muñiz, Ramón de la",RC49 F84 1959,AC,medicina
Tijuana-Luis Fimbres Moreno,37410,Hipnosis práctica,"Kingsbury, George C.",RC495 K56 1962,AC,psicologia
Tijuana-Luis Fimbres Moreno,38115,Técnica y práctica del psicoanálisis,"Greenson, Ralph R.",RC504 G74 1976,AC,psicologia
Tijuana-Luis Fimbres Moreno,37381,Psicoanálisis aplicado y técnica psicoanalítica,"Freud, Sigmund",RC506 F74 1974,AC,psicologia
Tijuana-Luis Fimbres Moreno,38109,La Realización simbólica y diario de una esquizofrénica,"Sechehaye, M.A.",RC514 S43 1979,AC,psicologia
Tijuana-Luis Fimbres Moreno,38108,Estudios sobre la patogénesis de las perturbaciones psíquicas,"Tellenbach, Hubert",RC516 T45 1969,AC,psicologia
Tijuana-Luis Fimbres Moreno,37442,Depression in medical practice,"Enelow, Allen J.",RC537 D47 1970,AC,medicina
Tijuana-Luis Fimbres Moreno,37444,Homosexuality and pseudohomosexuality,"Ovesey, Lionel",RC558 O94 1969,AC,medicina
Tijuana-Luis Fimbres Moreno,926793,Evaluation and treatment of neuropsychologically compromised children,NA,RJ486.5 E83 2020,AC,investigacion psicologica
Tijuana-Luis Fimbres Moreno,37429,Tratamiento del adolescente fronterizo,"Masterson, James F.",RJ503 M37 1975,AC,ciencia politica
Tijuana-Luis Fimbres Moreno,38078,Hazañas científicas de nuestro tiempo ; el impacto de la invención moderna,"Clark, Ronald W.",T19 C53 1979,AC,tecnologia
Tijuana-Luis Fimbres Moreno,38163,Organización de empresas industriales,"Spriegel, William R.",T56 S6718 1981,AC,tecnologia
Tijuana-Luis Fimbres Moreno,37990,Programación lineal aplicada,"Frazer, J. Ronald",T57.74 F749 1972,AC,tecnologia
Tijuana-Luis Fimbres Moreno,37720,Introducción al estudio del trabajo,NA,T60 T73 1977,AC,tecnologia
Tijuana-Luis Fimbres Moreno,38175,Estudio de movimientos y de tiempos; principios y practicas,"Mundel, Marvin Everrett",T60.J6 M8618 1975,AC,tecnologia
Tijuana-Luis Fimbres Moreno,38176,Estandares de tiempo work-factor; medición del trabajo manual y mental,"Quick, Joseph H.",T60.T7 Q8518 1966,AC,tecnologia
Tijuana-Luis Fimbres Moreno,38125,La Ingeniería de sistemas ; filosofía y técnicas,"Cárdenas, Miguel Angel",TA168 C37 1978,AC,tecnologia
Tijuana-Luis Fimbres Moreno,38129,Manual para el uso de explosivos,Du Pont,TA748 P6618 1973,AC,tecnologia
Tijuana-Luis Fimbres Moreno,38128,Manejo de las maquinas herramientas,"Burghardt, Henry",TJ1160 B87 1965,AC,tecnologia
Tijuana-Luis Fimbres Moreno,37659,Los Militares y la política en México (1915-1974),"Boils, Guillermo",UA603 B85 1980,AC,ciencia militar
Tijuana-Luis Fimbres Moreno,37294,México en 500 libros,"Florescano, Enrique",Z1425 F55 1980,AC,recursos informativos
Tijuana-Luis Fimbres Moreno,37293,Guía bibliográfica de Baja California,"Cruz, Salvador",Z1427.B3 C78 1979,AC,recursos informativos